url,pais,slug,puntaje,vol,ventas,comision_usd,imp90,motivo
https://sably.co/co/,co,,,,,,,"soporte: home de país (Colombia), hub de enlazado a sus 121 fichas"
https://sably.co/mx/,mx,,,,,,,"soporte: home de país (México), hub de enlazado a sus 121 fichas"
https://sably.co/ar/,ar,,,,,,,"soporte: home de país (Argentina), hub de enlazado a sus 121 fichas"
https://sably.co/cl/,cl,,,,,,,"soporte: home de país (Chile), hub de enlazado a sus 121 fichas"
https://sably.co/pe/,pe,,,,,,,"soporte: home de país (Perú), hub de enlazado a sus 121 fichas"
https://sably.co/ec/,ec,,,,,,,"soporte: home de país (Ecuador), hub de enlazado a sus 121 fichas"
https://sably.co/es/,es,,,,,,,"soporte: home de país (España), hub de enlazado a sus 121 fichas"
https://sably.co/us/,us,,,,,,,"soporte: home de país (EE. UU.), hub de enlazado a sus 121 fichas"
https://sably.co/co/cursos/,co,,,,,,,"soporte: catálogo Colombia (/cursos/), enlaza todas las categorías"
https://sably.co/mx/cursos/,mx,,,,,,,"soporte: catálogo México (/cursos/), enlaza todas las categorías"
https://sably.co/co/cursos/belleza-online/,co,,,,,,,soporte: categoría belleza-online de Colombia
https://sably.co/co/cursos/oficios/,co,,,,,,,soporte: categoría oficios de Colombia
https://sably.co/co/cursos/manualidades/,co,,,,,,,soporte: categoría manualidades de Colombia
https://sably.co/co/cursos/emprendimiento/,co,,,,,,,soporte: categoría emprendimiento de Colombia
https://sably.co/co/cursos/bienestar/,co,,,,,,,soporte: categoría bienestar de Colombia
https://sably.co/co/cursos/panaderia-y-pasteleria/,co,,,,,,,soporte: categoría panaderia-y-pasteleria de Colombia
https://sably.co/co/cursos/idiomas/,co,,,,,,,soporte: categoría idiomas de Colombia
https://sably.co/mx/cursos/belleza-online/,mx,,,,,,,soporte: categoría belleza-online de México
https://sably.co/mx/cursos/oficios/,mx,,,,,,,soporte: categoría oficios de México
https://sably.co/mx/cursos/manualidades/,mx,,,,,,,soporte: categoría manualidades de México
https://sably.co/mx/cursos/emprendimiento/,mx,,,,,,,soporte: categoría emprendimiento de México
https://sably.co/mx/cursos/panaderia-y-pasteleria/,mx,,,,,,,soporte: categoría panaderia-y-pasteleria de México
https://sably.co/mx/cursos/bienestar/,mx,,,,,,,soporte: categoría bienestar de México
https://sably.co/mx/cursos/idiomas/,mx,,,,,,,soporte: categoría idiomas de México
https://sably.co/blog/,,,,,,,,"soporte: home de país (blog), hub de enlazado a sus 121 fichas"
https://sably.co/mx/curso-de-unas/,mx,curso-de-unas,85.73,4400,0,31.36,8,"4.400 búsq/mes «curso de uñas» (Keyword Planner); 1 venta(s) sably del curso en otro país; 2 usuario(s) con clic al CTA; 1 lead(s); comisión ~31.36 USD/venta; GSC/GA4 90d: 8 imp ficha pos 48.4, 6 imp ciudades, 6 ses. IA; 4.4★ (93)"
https://sably.co/co/curso-de-unas/,co,curso-de-unas,80.34,1300,1,31.36,37,"1.300 búsq/mes «curso de uñas» (Keyword Planner); 1 venta(s) src=sably en CO; 5 usuario(s) con clic al CTA; comisión ~31.36 USD/venta; GSC/GA4 90d: 37 imp ficha pos 53, 26 imp ciudades, 3 ses. IA; 4.4★ (93)"
https://sably.co/mx/curso-de-reparacion-de-celulares/,mx,curso-de-reparacion-de-celulares,74.41,1900,0,16.98,1,"1.900 búsq/mes «curso de reparacion de celulares» (Keyword Planner); 2 venta(s) sably del curso en otro país; 2 usuario(s) con clic al CTA; 1 lead(s); comisión ~16.98 USD/venta; GSC/GA4 90d: 1 imp ficha pos 9, 162 imp ciudades, 2 clics, 7 ses. IA; 4★ (6)"
https://sably.co/ar/curso-de-reparacion-de-celulares/,ar,curso-de-reparacion-de-celulares,68.08,5400,1,16.98,0,5.400 búsq/mes «curso de reparacion de celular» (Ubersuggest); 1 venta(s) src=sably en AR; 1 usuario(s) con clic al CTA; comisión ~16.98 USD/venta; GSC/GA4 90d: 20 imp ciudades; 4★ (6)
https://sably.co/co/curso-de-reparacion-de-celulares/,co,curso-de-reparacion-de-celulares,67.79,590,1,16.98,14,"590 búsq/mes «curso de reparacion de celulares» (Keyword Planner); 1 venta(s) src=sably en CO; 1 usuario(s) con clic al CTA; 1 lead(s); comisión ~16.98 USD/venta; GSC/GA4 90d: 14 imp ficha pos 60.6, 89 imp ciudades, 5 clics, 3 ses. IA; 4★ (6)"
https://sably.co/co/curso-de-barberia/,co,curso-de-barberia,67.54,1300,0,16.98,7,"1.300 búsq/mes «curso de barberia» (Keyword Planner); 3 ventas históricas del producto; 2 usuario(s) con clic al CTA; 1 lead(s); comisión ~16.98 USD/venta; GSC/GA4 90d: 7 imp ficha pos 47.1, 33 imp ciudades, 1 clics, 1 ses. IA; 4.7★ (47)"
https://sably.co/mx/curso-de-carpinteria-y-muebles/,mx,curso-de-carpinteria-y-muebles,66.48,1900,1,16.98,0,"1.900 búsq/mes «curso de carpinteria» (Keyword Planner); 1 venta(s) src=sably en MX; 1 usuario(s) con clic al CTA; comisión ~16.98 USD/venta; GSC/GA4 90d: 27 imp ciudades, 3 ses. IA"
https://sably.co/mx/curso-de-extensiones-de-pestanas/,mx,curso-de-extensiones-de-pestanas,63.83,2400,0,24.17,0,2.400 búsq/mes «cursos de pestañas» (Ubersuggest tracking); 1 usuario(s) con clic al CTA; comisión ~24.17 USD/venta; GSC/GA4 90d: 45 imp ciudades; 5★ (7)
https://sably.co/ar/curso-de-unas/,ar,curso-de-unas,63.52,2900,0,31.36,8,"2.900 búsq/mes «curso de uñas» (Keyword Planner); 1 venta(s) sably del curso en otro país; 1 usuario(s) con clic al CTA; comisión ~31.36 USD/venta; GSC/GA4 90d: 8 imp ficha pos 58.1, 5 imp ciudades, 2 ses. IA; 4.4★ (93)"
https://sably.co/co/curso-de-cejas-y-pestanas/,co,curso-de-cejas-y-pestanas,63.00,390,0,20.58,28,390 búsq/mes «curso de cejas y pestañas» (Ubersuggest tracking); 16 ventas históricas del producto; 7 usuario(s) con clic al CTA; 2 lead(s); comisión ~20.58 USD/venta; GSC/GA4 90d: 28 imp ficha pos 27.6; 4.5★ (318)
https://sably.co/mx/curso-de-mecanica-de-motos/,mx,curso-de-mecanica-de-motos,62.38,1300,0,42.14,0,"1.300 búsq/mes «curso de mecanica de motos» (Keyword Planner); 1 usuario(s) con clic al CTA; comisión ~42.14 USD/venta; GSC/GA4 90d: 61 imp ciudades, 3 clics, 1 ses. IA; 4.4★ (105)"
https://sably.co/mx/curso-de-ingles/,mx,curso-de-ingles,60.40,22200,0,16.98,0,22.200 búsq/mes «curso de ingles» (Ubersuggest tracking); comisión ~16.98 USD/venta; 4.3★ (3)
https://sably.co/mx/curso-de-barberia/,mx,curso-de-barberia,60.29,3600,0,16.98,0,3.600 búsq/mes «curso de barberia» (Keyword Planner); 3 ventas históricas del producto; comisión ~16.98 USD/venta; GSC/GA4 90d: 1 imp ciudades; 4.7★ (47)
https://sably.co/co/curso-de-mecanica-de-motos/,co,curso-de-mecanica-de-motos,59.74,1000,0,42.14,9,"1.000 búsq/mes «curso de mecanica de motos» (Keyword Planner); 1 lead(s); comisión ~42.14 USD/venta; GSC/GA4 90d: 9 imp ficha pos 61.1, 27 imp ciudades, 2 clics; 4.4★ (105)"
https://sably.co/ar/curso-de-community-manager/,ar,curso-de-community-manager,59.23,2900,1,16.98,0,2.900 búsq/mes «curso de community manager» (Ubersuggest); 1 venta(s) src=sably en AR; 1 usuario(s) con clic al CTA; comisión ~16.98 USD/venta; GSC/GA4 90d: 6 imp ciudades
https://sably.co/mx/curso-de-cejas-y-pestanas/,mx,curso-de-cejas-y-pestanas,58.44,390,0,20.58,21,"390 búsq/mes «curso de pestañas y cejas» (Ubersuggest); 16 ventas históricas del producto; 1 lead(s); comisión ~20.58 USD/venta; GSC/GA4 90d: 21 imp ficha pos 19, 114 imp ciudades, 5 clics; 4.5★ (318)"
https://sably.co/mx/curso-de-maquillaje/,mx,curso-de-maquillaje,58.38,1600,0,34.95,0,1.600 búsq/mes «curso de maquillaje» (Keyword Planner); 1 lead(s); comisión ~34.95 USD/venta; GSC/GA4 90d: 1 ses. IA; 4.4★ (27)
https://sably.co/mx/curso-de-excel/,mx,curso-de-excel,57.82,12100,0,16.98,0,12.100 búsq/mes «curso de excel» (Ubersuggest tracking); comisión ~16.98 USD/venta; GSC/GA4 90d: 6 imp ciudades; 5★ (2)
https://sably.co/mx/curso-de-unas-acrilicas/,mx,curso-de-unas-acrilicas,57.52,390,0,16.98,0,"390 búsq/mes «curso de uñas acrilicas» (Keyword Planner); 14 ventas históricas del producto; 1 usuario(s) con clic al CTA; 2 lead(s); comisión ~16.98 USD/venta; GSC/GA4 90d: 91 imp ciudades, 1 ses. IA; 4.4★ (93)"
https://sably.co/es/curso-de-unas/,es,curso-de-unas,57.23,1300,0,31.36,7,"1.300 búsq/mes «curso de uñas» (Keyword Planner); 1 venta(s) sably del curso en otro país; comisión ~31.36 USD/venta; GSC/GA4 90d: 7 imp ficha pos 19.1, 44 imp ciudades; 4.4★ (93)"
https://sably.co/ar/curso-de-decoracion-con-globos/,ar,curso-de-decoracion-con-globos,56.58,320,0,20.58,0,"320 búsq/mes «curso de globologia» (Ubersuggest); 1 venta(s) sably del curso en otro país; 4 usuario(s) con clic al CTA; 1 lead(s); comisión ~20.58 USD/venta; GSC/GA4 90d: 22 imp ciudades, 4 ses. IA; 4.7★ (177)"
https://sably.co/co/curso-de-maquillaje/,co,curso-de-maquillaje,56.02,1000,0,34.95,2,"1.000 búsq/mes «curso de maquillaje» (Keyword Planner); comisión ~34.95 USD/venta; GSC/GA4 90d: 2 imp ficha pos 54.5, 43 imp ciudades; 4.4★ (27)"
https://sably.co/mx/curso-de-reposteria-para-mascotas/,mx,curso-de-reposteria-para-mascotas,55.20,19,1,24.17,0,"demanda estimada ~19/mes (est(<210); sin dato en MX); 1 venta(s) src=sably en MX; 3 ventas históricas del producto; 2 usuario(s) con clic al CTA; comisión ~24.17 USD/venta; GSC/GA4 90d: 1 imp ciudades, 8 ses. IA; 4.8★ (661)"
https://sably.co/ar/curso-de-barista/,ar,curso-de-barista,54.74,2900,0,15.11,1,"2.900 búsq/mes «curso de barista» (Keyword Planner); 3 usuario(s) con clic al CTA; 1 lead(s); comisión ~15.11 USD/venta; GSC/GA4 90d: 1 imp ficha pos 64, 13 imp ciudades, 2 ses. IA; 4.3★ (59)"
https://sably.co/co/curso-de-limpieza-facial/,co,curso-de-limpieza-facial,54.32,110,0,34.95,0,"110 búsq/mes «curso de limpieza facial» (Keyword Planner); 18 ventas históricas del producto; 5 usuario(s) con clic al CTA; comisión ~34.95 USD/venta; GSC/GA4 90d: 11 imp ciudades, 1 ses. IA; 5★ (2)"
https://sably.co/pe/curso-de-unas/,pe,curso-de-unas,54.27,390,0,31.36,7,"390 búsq/mes «curso de uñas» (Keyword Planner); 1 venta(s) sably del curso en otro país; 1 usuario(s) con clic al CTA; 1 lead(s); comisión ~31.36 USD/venta; GSC/GA4 90d: 7 imp ficha pos 37, 48 imp ciudades, 1 ses. IA; 4.4★ (93)"
https://sably.co/mx/curso-de-soldadura/,mx,curso-de-soldadura,53.96,1600,0,24.99,0,"1.600 búsq/mes «curso de soldadura» (Keyword Planner); comisión ~24.99 USD/venta; GSC/GA4 90d: 41 imp ciudades, 3 clics"
https://sably.co/mx/curso-de-reposteria/,mx,curso-de-reposteria,53.67,2900,0,16.98,2,"2.900 búsq/mes «curso de reposteria» (Keyword Planner); 1 lead(s); comisión ~16.98 USD/venta; GSC/GA4 90d: 2 imp ficha pos 30, 5 imp ciudades, 3 ses. IA; 4★ (3)"
https://sably.co/co/curso-de-soldadura/,co,curso-de-soldadura,53.38,880,0,24.99,4,"880 búsq/mes «curso de soldadura» (Keyword Planner); 1 usuario(s) con clic al CTA; comisión ~24.99 USD/venta; GSC/GA4 90d: 4 imp ficha pos 52.5, 66 imp ciudades, 5 clics"
https://sably.co/co/curso-de-masajes/,co,curso-de-masajes,53.31,390,1,16.98,1,390 búsq/mes «curso de masajes» (Keyword Planner); 1 venta(s) src=sably en CO; 47 ventas históricas del producto; 2 usuario(s) con clic al CTA; comisión ~16.98 USD/venta; GSC/GA4 90d: 1 imp ficha pos 93; 4.3★ (10)
https://sably.co/us/curso-de-unas/,us,curso-de-unas,53.06,720,0,31.36,29,"720 búsq/mes «curso de uñas» (Keyword Planner); 1 venta(s) sably del curso en otro país; comisión ~31.36 USD/venta; GSC/GA4 90d: 29 imp ficha pos 35.5, 22 imp ciudades; 4.4★ (93)"
https://sably.co/cl/curso-de-soldadura/,cl,curso-de-soldadura,52.98,2900,0,24.99,0,"2.900 búsq/mes «curso de soldadura» (Keyword Planner); comisión ~24.99 USD/venta; GSC/GA4 90d: 70 imp ciudades, 4 clics"
https://sably.co/co/curso-de-ingles/,co,curso-de-ingles,52.69,9900,0,16.98,0,9.900 búsq/mes «curso de ingles» (Ubersuggest tracking); comisión ~16.98 USD/venta; 4.3★ (3)
https://sably.co/mx/curso-de-decoracion-con-globos/,mx,curso-de-decoracion-con-globos,52.50,590,0,20.58,1,"590 búsq/mes «curso de decoracion con globos» (Keyword Planner); 1 venta(s) sably del curso en otro país; 1 usuario(s) con clic al CTA; comisión ~20.58 USD/venta; GSC/GA4 90d: 1 imp ficha pos 68, 1 ses. IA; 4.7★ (177)"
https://sably.co/ar/curso-de-soldadura/,ar,curso-de-soldadura,52.47,1900,0,24.99,0,"1.900 búsq/mes «curso de soldadura» (Keyword Planner); 2 usuario(s) con clic al CTA; comisión ~24.99 USD/venta; GSC/GA4 90d: 41 imp ciudades, 3 clics"
https://sably.co/es/curso-de-barberia/,es,curso-de-barberia,52.00,880,0,16.98,1,"880 búsq/mes «curso de barberia» (Keyword Planner); 3 ventas históricas del producto; 3 usuario(s) con clic al CTA; comisión ~16.98 USD/venta; GSC/GA4 90d: 1 imp ficha pos 10, 13 imp ciudades, 1 ses. IA; 4.7★ (47)"
https://sably.co/cl/curso-de-barberia/,cl,curso-de-barberia,51.86,2400,0,16.98,0,2.400 búsq/mes «curso de barberia» (Keyword Planner); 3 ventas históricas del producto; comisión ~16.98 USD/venta; GSC/GA4 90d: 8 imp ciudades; 4.7★ (47)
https://sably.co/co/curso-de-excel/,co,curso-de-excel,51.74,5400,0,16.98,2,"5.400 búsq/mes «curso de excel» (Ubersuggest tracking); comisión ~16.98 USD/venta; GSC/GA4 90d: 2 imp ficha pos 50, 10 imp ciudades; 5★ (2)"
https://sably.co/ar/curso-de-maquillaje/,ar,curso-de-maquillaje,51.70,1300,0,34.95,3,"1.300 búsq/mes «curso de maquillaje profesional» (Keyword Planner); 1 lead(s); comisión ~34.95 USD/venta; GSC/GA4 90d: 3 imp ficha pos 89.7, 10 imp ciudades, 1 ses. IA; 4.4★ (27)"
https://sably.co/ar/curso-de-masajes/,ar,curso-de-masajes,50.86,2400,0,16.98,0,2.400 búsq/mes «curso de masaje» (Ubersuggest); 1 venta(s) sably del curso en otro país; 47 ventas históricas del producto; comisión ~16.98 USD/venta; GSC/GA4 90d: 7 imp ciudades; 4.3★ (10)
https://sably.co/ar/curso-de-barberia/,ar,curso-de-barberia,50.76,2900,0,16.98,1,"2.900 búsq/mes «curso de barberia» (Keyword Planner); 3 ventas históricas del producto; comisión ~16.98 USD/venta; GSC/GA4 90d: 1 imp ficha pos 9, 6 imp ciudades; 4.7★ (47)"
https://sably.co/es/curso-de-maquillaje/,es,curso-de-maquillaje,50.67,1000,0,34.95,1,"1.000 búsq/mes «curso de maquillaje» (Keyword Planner); comisión ~34.95 USD/venta; GSC/GA4 90d: 1 imp ficha pos 40, 52 imp ciudades, 1 clics, 2 ses. IA; 4.4★ (27)"
https://sably.co/mx/curso-de-masajes/,mx,curso-de-masajes,50.56,880,0,16.98,7,"880 búsq/mes «curso de masajes» (Keyword Planner); 1 venta(s) sably del curso en otro país; 47 ventas históricas del producto; comisión ~16.98 USD/venta; GSC/GA4 90d: 7 imp ficha pos 65.6, 6 imp ciudades; 4.3★ (10)"
https://sably.co/cl/curso-de-unas/,cl,curso-de-unas,50.43,1000,0,31.36,0,"1.000 búsq/mes «curso de uñas» (Keyword Planner); 1 venta(s) sably del curso en otro país; comisión ~31.36 USD/venta; GSC/GA4 90d: 1 imp ciudades, 2 ses. IA; 4.4★ (93)"
https://sably.co/es/curso-de-soldadura/,es,curso-de-soldadura,50.32,2400,0,24.99,0,"2.400 búsq/mes «curso de soldadura» (Keyword Planner); comisión ~24.99 USD/venta; GSC/GA4 90d: 101 imp ciudades, 1 ses. IA"
https://sably.co/co/curso-de-marketing-digital/,co,curso-de-marketing-digital,50.10,1000,0,113.97,2,"1.000 búsq/mes «curso de marketing digital» (Keyword Planner); 2 usuario(s) con clic al CTA; comisión ~113.97 USD/venta (ticket alto sin cupón); GSC/GA4 90d: 2 imp ficha pos 34, 26 imp ciudades; 5★ (7)"
https://sably.co/ar/curso-de-marketing-digital/,ar,curso-de-marketing-digital,49.11,4400,0,113.97,0,4.400 búsq/mes «curso de mkt digital» (Ubersuggest); comisión ~113.97 USD/venta (ticket alto sin cupón); GSC/GA4 90d: 13 imp ciudades; 5★ (7)
https://sably.co/cl/curso-de-reposteria-para-mascotas/,cl,curso-de-reposteria-para-mascotas,48.92,8,1,24.17,8,"demanda estimada ~8/mes (est(<110); sin dato en CL); 1 venta(s) src=sably en CL; 3 ventas históricas del producto; 3 usuario(s) con clic al CTA; 2 lead(s); comisión ~24.17 USD/venta; GSC/GA4 90d: 8 imp ficha pos 5.4, 6 imp ciudades, 2 clics; 4.8★ (661)"
https://sably.co/co/curso-de-automaquillaje/,co,curso-de-automaquillaje,48.38,320,0,16.98,8,"320 búsq/mes «curso de automaquillaje» (Keyword Planner); 9 ventas históricas del producto; 2 lead(s); comisión ~16.98 USD/venta; GSC/GA4 90d: 8 imp ficha pos 55.9, 6 imp ciudades; 4.5★ (13)"
https://sably.co/mx/curso-de-pestanas-volumen-ruso/,mx,curso-de-pestanas-volumen-ruso,48.32,320,0,31.36,0,"320 búsq/mes «curso de lashista» (Ubersuggest); 5 ventas históricas del producto; 1 usuario(s) con clic al CTA; comisión ~31.36 USD/venta; GSC/GA4 90d: 3 imp ciudades, 1 clics; 4.3★ (6)"
https://sably.co/ar/curso-de-extensiones-de-pestanas/,ar,curso-de-extensiones-de-pestanas,48.26,1600,0,24.17,0,"1.600 búsq/mes «curso de pestañas» (Keyword Planner); comisión ~24.17 USD/venta; GSC/GA4 90d: 3 imp ciudades, 4 ses. IA; 5★ (7)"
https://sably.co/mx/curso-de-marketing-digital/,mx,curso-de-marketing-digital,48.14,1600,0,113.97,1,"1.600 búsq/mes «curso de mkt digital» (Ubersuggest); 1 usuario(s) con clic al CTA; comisión ~113.97 USD/venta (ticket alto sin cupón); GSC/GA4 90d: 1 imp ficha pos 1, 1 imp ciudades, 1 ses. IA; 5★ (7)"
https://sably.co/cl/curso-de-reparacion-de-celulares/,cl,curso-de-reparacion-de-celulares,48.06,320,0,16.98,11,"320 búsq/mes «curso de reparacion de celulares» (Keyword Planner); 2 venta(s) sably del curso en otro país; 2 usuario(s) con clic al CTA; comisión ~16.98 USD/venta; GSC/GA4 90d: 11 imp ficha pos 9.3, 35 imp ciudades, 5 clics, 4 ses. IA; 4★ (6)"
https://sably.co/cl/curso-de-maquillaje/,cl,curso-de-maquillaje,48.04,880,0,34.95,20,"880 búsq/mes «curso de maquillaje» (Keyword Planner); comisión ~34.95 USD/venta; GSC/GA4 90d: 20 imp ficha pos 58.7, 12 imp ciudades; 4.4★ (27)"
https://sably.co/ar/curso-de-mecanica-de-motos/,ar,curso-de-mecanica-de-motos,48.02,1900,0,42.14,1,"1.900 búsq/mes «curso de mecanica de motos» (Keyword Planner); comisión ~42.14 USD/venta; GSC/GA4 90d: 1 imp ficha pos 218, 4 imp ciudades; 4.4★ (105)"
https://sably.co/ar/curso-de-carpinteria-y-muebles/,ar,curso-de-carpinteria-y-muebles,47.96,1600,0,16.98,1,"1.600 búsq/mes «curso de carpinteria» (Keyword Planner); 1 venta(s) sably del curso en otro país; comisión ~16.98 USD/venta; GSC/GA4 90d: 1 imp ficha pos 88, 11 imp ciudades, 3 clics"
https://sably.co/mx/curso-de-peluqueria/,mx,curso-de-peluqueria,47.96,1000,0,178.83,0,"1.000 búsq/mes «curso de corte de cabello» (Keyword Planner); 10 ventas históricas del producto; comisión ~178.83 USD/venta (ticket alto sin cupón); GSC/GA4 90d: 27 imp ciudades, 1 clics"
https://sably.co/mx/curso-de-primeros-auxilios/,mx,curso-de-primeros-auxilios,47.73,2900,0,16.98,1,"2.900 búsq/mes «curso de primeros auxilios» (Keyword Planner); comisión ~16.98 USD/venta; GSC/GA4 90d: 1 imp ficha pos 11, 1 ses. IA; 4.9★ (57)"
https://sably.co/cl/curso-de-peluqueria/,cl,curso-de-peluqueria,47.46,1600,0,178.83,0,"1.600 búsq/mes «curso de peluqueria» (Keyword Planner); 10 ventas históricas del producto; 1 lead(s); comisión ~178.83 USD/venta (ticket alto sin cupón); GSC/GA4 90d: 3 imp ciudades, 1 clics, 1 ses. IA"
https://sably.co/cl/curso-de-estetica-canina/,cl,curso-de-estetica-canina,47.41,1000,0,16.98,0,1.000 búsq/mes «curso de peluqueria canina» (Ubersuggest); 1 venta(s) sably del curso en otro país; 1 usuario(s) con clic al CTA; 1 lead(s); comisión ~16.98 USD/venta; GSC/GA4 90d: 20 imp ciudades; 4★ (7)
https://sably.co/co/curso-de-decoracion-con-globos/,co,curso-de-decoracion-con-globos,47.38,260,0,20.58,0,"260 búsq/mes «curso de decoracion con globos» (Keyword Planner); 1 venta(s) sably del curso en otro país; comisión ~20.58 USD/venta; GSC/GA4 90d: 30 imp ciudades, 1 clics; 4.7★ (177)"
https://sably.co/co/curso-de-wedding-planner-y-eventos/,co,curso-de-wedding-planner-y-eventos,47.12,40,1,20.58,0,"40 búsq/mes «curso de wedding planner» (Keyword Planner); 1 venta(s) src=sably en CO; 1 usuario(s) con clic al CTA; comisión ~20.58 USD/venta; GSC/GA4 90d: 5 imp ciudades, 3 ses. IA; 4.4★ (39)"
https://sably.co/co/curso-de-masajes-terapeuticos-y-relajantes/,co,curso-de-masajes-terapeuticos-y-relajantes,47.04,110,0,16.98,3,"110 búsq/mes «curso de masajes relajantes» (Keyword Planner); 20 ventas históricas del producto; 4 usuario(s) con clic al CTA; comisión ~16.98 USD/venta; GSC/GA4 90d: 3 imp ficha pos 55.3, 51 imp ciudades, 4 clics, 2 ses. IA; 4.7★ (72)"
https://sably.co/ar/curso-de-peluqueria/,ar,curso-de-peluqueria,46.89,2900,0,178.83,1,"2.900 búsq/mes «curso de peluqueria» (Keyword Planner); 10 ventas históricas del producto; comisión ~178.83 USD/venta (ticket alto sin cupón); GSC/GA4 90d: 1 imp ficha pos 77, 1 ses. IA"
https://sably.co/mx/curso-de-barista/,mx,curso-de-barista,46.70,1300,0,15.11,27,1.300 búsq/mes «curso de barista» (Keyword Planner); comisión ~15.11 USD/venta; GSC/GA4 90d: 27 imp ficha pos 67.5; 4.3★ (59)
https://sably.co/ar/curso-de-estetica-canina/,ar,curso-de-estetica-canina,46.69,1900,0,16.98,2,"1.900 búsq/mes «curso de peluqueria canina» (Ubersuggest); 1 venta(s) sably del curso en otro país; 1 usuario(s) con clic al CTA; comisión ~16.98 USD/venta; GSC/GA4 90d: 2 imp ficha pos 109, 6 imp ciudades; 4★ (7)"
https://sably.co/co/curso-de-manicure-y-pedicure/,co,curso-de-manicure-y-pedicure,46.47,480,0,16.98,0,"480 búsq/mes «curso de manicure y pedicure» (Keyword Planner); 15 ventas históricas del producto; 2 usuario(s) con clic al CTA; comisión ~16.98 USD/venta; GSC/GA4 90d: 52 imp ciudades, 1 clics; 3★ (3)"
https://sably.co/es/curso-de-masajes/,es,curso-de-masajes,46.27,880,0,16.98,2,"880 búsq/mes «curso de masajes» (Keyword Planner); 1 venta(s) sably del curso en otro país; 47 ventas históricas del producto; comisión ~16.98 USD/venta; GSC/GA4 90d: 2 imp ficha pos 6, 36 imp ciudades, 1 ses. IA; 4.3★ (10)"
https://sably.co/es/curso-de-peluqueria/,es,curso-de-peluqueria,46.08,1300,0,178.83,0,"1.300 búsq/mes «curso de peluqueria» (Keyword Planner); 10 ventas históricas del producto; 1 lead(s); comisión ~178.83 USD/venta (ticket alto sin cupón); GSC/GA4 90d: 32 imp ciudades, 1 ses. IA"
https://sably.co/ec/curso-de-unas/,ec,curso-de-unas,45.91,260,0,31.36,0,260 búsq/mes «curso de uñas» (Keyword Planner); 1 venta(s) sably del curso en otro país; 1 lead(s); comisión ~31.36 USD/venta; GSC/GA4 90d: 17 imp ciudades; 4.4★ (93)
https://sably.co/ar/curso-de-ingles/,ar,curso-de-ingles,45.88,8100,0,16.98,0,8.100 búsq/mes «curso de ingles» (Ubersuggest); comisión ~16.98 USD/venta; GSC/GA4 90d: 1 ses. IA; 4.3★ (3)
https://sably.co/mx/curso-de-electricista/,mx,curso-de-electricista,45.62,2900,0,20.58,0,2.900 búsq/mes «curso de electricista» (Keyword Planner); comisión ~20.58 USD/venta; GSC/GA4 90d: 7 imp ciudades; 4.3★ (34)
https://sably.co/us/curso-de-ingles/,us,curso-de-ingles,45.01,6600,0,16.98,1,"6.600 búsq/mes «curso de ingles» (Ubersuggest); comisión ~16.98 USD/venta; GSC/GA4 90d: 1 imp ficha pos 76, 8 imp ciudades; 4.3★ (3)"
https://sably.co/mx/curso-de-automaquillaje/,mx,curso-de-automaquillaje,44.86,720,0,16.98,0,720 búsq/mes «curso de automaquillaje» (Keyword Planner); 9 ventas históricas del producto; comisión ~16.98 USD/venta; GSC/GA4 90d: 3 imp ciudades; 4.5★ (13)
https://sably.co/cl/curso-de-decoracion-con-globos/,cl,curso-de-decoracion-con-globos,44.84,50,1,20.58,0,"50 búsq/mes «curso de decoracion con globos» (Keyword Planner); 1 venta(s) src=sably en CL; 2 usuario(s) con clic al CTA; comisión ~20.58 USD/venta; GSC/GA4 90d: 5 imp ciudades, 1 clics; 4.7★ (177)"
https://sably.co/es/curso-de-ingles/,es,curso-de-ingles,44.84,5400,0,16.98,0,"5.400 búsq/mes «curso de ingles» (Keyword Planner); comisión ~16.98 USD/venta; GSC/GA4 90d: 14 imp ciudades, 1 ses. IA; 4.3★ (3)"
https://sably.co/co/curso-de-carpinteria-y-muebles/,co,curso-de-carpinteria-y-muebles,44.81,480,0,16.98,8,"480 búsq/mes «curso de carpinteria» (Keyword Planner); 1 venta(s) sably del curso en otro país; comisión ~16.98 USD/venta; GSC/GA4 90d: 8 imp ficha pos 17.5, 36 imp ciudades, 1 clics"
https://sably.co/cl/curso-de-ingles/,cl,curso-de-ingles,44.50,8100,0,16.98,0,8.100 búsq/mes «curso de ingles» (Ubersuggest); comisión ~16.98 USD/venta; GSC/GA4 90d: 1 imp ciudades; 4.3★ (3)
https://sably.co/cl/curso-de-masajes/,cl,curso-de-masajes,43.62,720,0,16.98,6,"720 búsq/mes «curso de masajes» (Keyword Planner); 1 venta(s) sably del curso en otro país; 47 ventas históricas del producto; comisión ~16.98 USD/venta; GSC/GA4 90d: 6 imp ficha pos 15.8, 19 imp ciudades; 4.3★ (10)"
https://sably.co/ar/curso-de-electricista/,ar,curso-de-electricista,43.50,5400,0,20.58,0,5.400 búsq/mes «curso de electricista» (Keyword Planner); comisión ~20.58 USD/venta; GSC/GA4 90d: 2 imp ciudades; 4.3★ (34)
https://sably.co/es/curso-de-reparacion-de-celulares/,es,curso-de-reparacion-de-celulares,43.44,260,0,16.98,0,"260 búsq/mes «curso de reparacion de moviles» (Keyword Planner); 2 venta(s) sably del curso en otro país; 1 usuario(s) con clic al CTA; comisión ~16.98 USD/venta; GSC/GA4 90d: 32 imp ciudades, 5 clics; 4★ (6)"
https://sably.co/mx/curso-de-velas-artesanales-y-aromaticas/,mx,curso-de-velas-artesanales-y-aromaticas,43.44,260,1,16.98,3,"260 búsq/mes «curso de velas aromaticas» (Ubersuggest); 1 venta(s) src=sably en MX; 1 usuario(s) con clic al CTA; comisión ~16.98 USD/venta; GSC/GA4 90d: 3 imp ficha pos 3.7, 4 ses. IA; 3.1★ (67)"
https://sably.co/ar/curso-de-pasteleria/,ar,curso-de-pasteleria,43.42,1900,0,16.98,0,1.900 búsq/mes «curso de pasteleria» (Keyword Planner); comisión ~16.98 USD/venta; GSC/GA4 90d: 5 imp ciudades; 4.5★ (19)
https://sably.co/pe/curso-de-marketing-digital/,pe,curso-de-marketing-digital,43.35,1000,0,113.97,1,"1.000 búsq/mes «curso de marketing digital» (Keyword Planner); comisión ~113.97 USD/venta (ticket alto sin cupón); GSC/GA4 90d: 1 imp ficha pos 105, 38 imp ciudades, 4 clics; 5★ (7)"
https://sably.co/ar/curso-de-limpieza-facial/,ar,curso-de-limpieza-facial,43.30,260,0,34.95,0,"260 búsq/mes «curso de limpieza facial» (Keyword Planner); 18 ventas históricas del producto; 1 lead(s); comisión ~34.95 USD/venta; GSC/GA4 90d: 7 imp ciudades, 1 ses. IA; 5★ (2)"
https://sably.co/pe/curso-de-reparacion-de-celulares/,pe,curso-de-reparacion-de-celulares,43.18,720,0,16.98,0,720 búsq/mes «curso de reparacion de celulares» (Keyword Planner); 2 venta(s) sably del curso en otro país; comisión ~16.98 USD/venta; GSC/GA4 90d: 19 imp ciudades; 4★ (6)
https://sably.co/co/curso-de-barismo-y-cafe-de-especialidad/,co,curso-de-barismo-y-cafe-de-especialidad,43.05,720,0,15.11,8,"720 búsq/mes «curso de barismo» (Keyword Planner); comisión ~15.11 USD/venta; GSC/GA4 90d: 8 imp ficha pos 90.8, 61 imp ciudades, 3 clics, 1 ses. IA; 4.3★ (59)"
https://sably.co/us/curso-de-masajes/,us,curso-de-masajes,42.94,260,0,16.98,102,"260 búsq/mes «curso de masajes» (Keyword Planner); 1 venta(s) sably del curso en otro país; 47 ventas históricas del producto; comisión ~16.98 USD/venta; GSC/GA4 90d: 102 imp ficha pos 58.3, 9 imp ciudades; 4.3★ (10)"
https://sably.co/mx/curso-de-microblading/,mx,curso-de-microblading,42.86,590,0,34.95,0,590 búsq/mes «curso de microblading» (Ubersuggest tracking); comisión ~34.95 USD/venta; GSC/GA4 90d: 33 imp ciudades; 4.4★ (16)
https://sably.co/es/curso-de-electricista/,es,curso-de-electricista,42.74,2900,0,20.58,0,2.900 búsq/mes «curso de electricista» (Keyword Planner); comisión ~20.58 USD/venta; GSC/GA4 90d: 29 imp ciudades; 4.3★ (34)
https://sably.co/mx/curso-de-masajes-terapeuticos-y-relajantes/,mx,curso-de-masajes-terapeuticos-y-relajantes,42.45,320,0,16.98,0,320 búsq/mes «curso de masajes relajantes» (Keyword Planner); 20 ventas históricas del producto; comisión ~16.98 USD/venta; GSC/GA4 90d: 29 imp ciudades; 4.7★ (72)
https://sably.co/co/curso-de-estetica-canina/,co,curso-de-estetica-canina,42.33,590,0,16.98,0,"590 búsq/mes «curso de peluqueria canina» (Ubersuggest tracking); 1 venta(s) sably del curso en otro país; comisión ~16.98 USD/venta; GSC/GA4 90d: 9 imp ciudades, 1 ses. IA; 4★ (7)"
https://sably.co/co/curso-de-primeros-auxilios/,co,curso-de-primeros-auxilios,42.23,1600,0,16.98,0,"1.600 búsq/mes «curso de primeros auxilios» (Keyword Planner); comisión ~16.98 USD/venta; GSC/GA4 90d: 4 imp ciudades, 1 ses. IA; 4.9★ (57)"
https://sably.co/ar/curso-de-cejas-y-pestanas/,ar,curso-de-cejas-y-pestanas,42.02,720,0,20.58,1,"720 búsq/mes «curso de pestañas y cejas» (Ubersuggest); 16 ventas históricas del producto; comisión ~20.58 USD/venta; GSC/GA4 90d: 1 imp ficha pos 11, 2 imp ciudades; 4.5★ (318)"
https://sably.co/mx/curso-de-cocina/,mx,curso-de-cocina,41.70,1600,0,16.98,2,"1.600 búsq/mes «curso de cocina» (Keyword Planner); comisión ~16.98 USD/venta; GSC/GA4 90d: 2 imp ficha pos 57.5, 5 ses. IA"
https://sably.co/es/curso-de-automaquillaje/,es,curso-de-automaquillaje,41.62,390,0,16.98,0,"390 búsq/mes «curso de automaquillaje» (Keyword Planner); 9 ventas históricas del producto; 1 usuario(s) con clic al CTA; comisión ~16.98 USD/venta; GSC/GA4 90d: 35 imp ciudades, 1 clics; 4.5★ (13)"
https://sably.co/co/curso-de-cocina/,co,curso-de-cocina,41.60,1600,0,16.98,1,"1.600 búsq/mes «curso de cocina» (Keyword Planner); comisión ~16.98 USD/venta; GSC/GA4 90d: 1 imp ficha pos 45, 5 imp ciudades, 1 clics"
https://sably.co/cl/curso-de-extensiones-de-pestanas/,cl,curso-de-extensiones-de-pestanas,41.42,720,0,24.17,1,"720 búsq/mes «curso de pestañas» (Keyword Planner); comisión ~24.17 USD/venta; GSC/GA4 90d: 1 imp ficha pos 47, 26 imp ciudades; 5★ (7)"
https://sably.co/pe/curso-de-soldadura/,pe,curso-de-soldadura,41.35,480,0,24.99,6,"480 búsq/mes «curso de soldadura» (Keyword Planner); comisión ~24.99 USD/venta; GSC/GA4 90d: 6 imp ficha pos 60.2, 118 imp ciudades, 7 clics"
https://sably.co/mx/curso-de-contabilidad-basica/,mx,curso-de-contabilidad-basica,41.33,2900,0,16.98,0,2.900 búsq/mes «curso de contabilidad» (Ubersuggest); comisión ~16.98 USD/venta; 4.3★ (10)
https://sably.co/ar/curso-de-excel/,ar,curso-de-excel,41.26,4400,0,16.98,1,"4.400 búsq/mes «curso de excel» (Ubersuggest); comisión ~16.98 USD/venta; GSC/GA4 90d: 1 imp ficha pos 42, 2 imp ciudades; 5★ (2)"
https://sably.co/mx/curso-de-wedding-planner-y-eventos/,mx,curso-de-wedding-planner-y-eventos,41.17,210,0,20.58,2,"210 búsq/mes «curso de wedding planner» (Keyword Planner); 1 venta(s) sably del curso en otro país; comisión ~20.58 USD/venta; GSC/GA4 90d: 2 imp ficha pos 43.5, 2 imp ciudades, 1 clics, 1 ses. IA; 4.4★ (39)"
https://sably.co/mx/curso-de-panaderia/,mx,curso-de-panaderia,41.01,880,0,16.98,0,"880 búsq/mes «curso de panaderia» (Keyword Planner); comisión ~16.98 USD/venta; GSC/GA4 90d: 20 imp ciudades, 1 clics, 2 ses. IA; 5★ (1)"
https://sably.co/pe/curso-de-excel/,pe,curso-de-excel,40.98,4400,0,16.98,0,4.400 búsq/mes «curso de excel» (Ubersuggest); comisión ~16.98 USD/venta; GSC/GA4 90d: 3 imp ciudades; 5★ (2)
https://sably.co/cl/curso-de-carpinteria-y-muebles/,cl,curso-de-carpinteria-y-muebles,40.59,590,0,16.98,2,"590 búsq/mes «curso de carpinteria» (Keyword Planner); 1 venta(s) sably del curso en otro país; comisión ~16.98 USD/venta; GSC/GA4 90d: 2 imp ficha pos 66.5, 20 imp ciudades, 2 clics"
https://sably.co/cl/curso-de-cejas-y-pestanas/,cl,curso-de-cejas-y-pestanas,40.54,480,0,20.58,2,"480 búsq/mes «curso de lifting de pestañas» (Keyword Planner); 16 ventas históricas del producto; comisión ~20.58 USD/venta; GSC/GA4 90d: 2 imp ficha pos 32, 4 imp ciudades, 2 ses. IA; 4.5★ (318)"
https://sably.co/co/curso-de-velas-artesanales-y-aromaticas/,co,curso-de-velas-artesanales-y-aromaticas,40.54,90,0,16.98,2,"90 búsq/mes «curso de velas artesanales» (Keyword Planner); 1 venta(s) sably del curso en otro país; 4 usuario(s) con clic al CTA; 1 lead(s); comisión ~16.98 USD/venta; GSC/GA4 90d: 2 imp ficha pos 36, 20 imp ciudades, 3 ses. IA; 3.1★ (67)"
https://sably.co/ar/curso-de-velas-artesanales-y-aromaticas/,ar,curso-de-velas-artesanales-y-aromaticas,40.47,720,0,16.98,0,"720 búsq/mes «curso de velas» (Ubersuggest); 1 venta(s) sably del curso en otro país; comisión ~16.98 USD/venta; GSC/GA4 90d: 81 imp ciudades, 12 clics, 1 ses. IA; 3.1★ (67)"
https://sably.co/ar/curso-de-reparacion-de-lavadoras/,ar,curso-de-reparacion-de-lavadoras,40.42,390,0,34.95,0,"390 búsq/mes «curso de reparacion de lavarropas» (Ubersuggest); comisión ~34.95 USD/venta; GSC/GA4 90d: 3 imp ciudades, 1 clics, 1 ses. IA; 4.8★ (13)"
https://sably.co/es/curso-de-estetica-canina/,es,curso-de-estetica-canina,40.25,720,0,16.98,0,"720 búsq/mes «curso de peluqueria canina» (Ubersuggest); 1 venta(s) sably del curso en otro país; comisión ~16.98 USD/venta; GSC/GA4 90d: 16 imp ciudades, 3 ses. IA; 4★ (7)"
https://sably.co/ar/curso-de-bartender/,ar,curso-de-bartender,40.12,1300,0,20.58,0,1.300 búsq/mes «curso de bartender» (Keyword Planner); 1 lead(s); comisión ~20.58 USD/venta; GSC/GA4 90d: 13 imp ciudades; 3.5★ (2)
https://sably.co/ar/curso-de-costura-industrial/,ar,curso-de-costura-industrial,40.01,13,1,34.95,0,demanda estimada ~13/mes (est(<170); sin dato en AR); 1 venta(s) src=sably en AR; 2 usuario(s) con clic al CTA; comisión ~34.95 USD/venta; GSC/GA4 90d: 3 imp ciudades; 5★ (5)
https://sably.co/ar/curso-de-pestanas-volumen-ruso/,ar,curso-de-pestanas-volumen-ruso,39.89,390,0,31.36,0,390 búsq/mes «curso de lashista» (Ubersuggest); 5 ventas históricas del producto; comisión ~31.36 USD/venta; GSC/GA4 90d: 3 imp ciudades; 4.3★ (6)
https://sably.co/us/curso-de-barberia/,us,curso-de-barberia,39.69,720,0,16.98,1,"720 búsq/mes «curso de barberia» (Keyword Planner); 3 ventas históricas del producto; comisión ~16.98 USD/venta; GSC/GA4 90d: 1 imp ficha pos 4, 9 imp ciudades; 4.7★ (47)"
https://sably.co/pe/curso-de-estetica-canina/,pe,curso-de-estetica-canina,39.59,25,1,16.98,28,"demanda estimada ~25/mes (est(<50); sin dato en PE); 1 venta(s) src=sably en PE; 1 usuario(s) con clic al CTA; comisión ~16.98 USD/venta; GSC/GA4 90d: 28 imp ficha pos 8.2, 34 imp ciudades, 3 clics, 1 ses. IA; 4★ (7)"
https://sably.co/us/curso-de-maquillaje/,us,curso-de-maquillaje,39.52,260,0,34.95,19,"260 búsq/mes «curso de maquillaje» (Keyword Planner); comisión ~34.95 USD/venta; GSC/GA4 90d: 19 imp ficha pos 51.5, 15 imp ciudades; 4.4★ (27)"
https://sably.co/mx/curso-de-reparacion-de-computadoras/,mx,curso-de-reparacion-de-computadoras,39.37,320,0,24.17,0,"320 búsq/mes «curso de reparacion de computadoras» (Ubersuggest); comisión ~24.17 USD/venta; GSC/GA4 90d: 42 imp ciudades, 6 clics; 4.7★ (9)"
https://sably.co/ar/curso-de-manicure-y-pedicure/,ar,curso-de-manicure-y-pedicure,39.32,1300,0,16.98,2,"1.300 búsq/mes «curso de manicure» (Keyword Planner); 15 ventas históricas del producto; comisión ~16.98 USD/venta; GSC/GA4 90d: 2 imp ficha pos 4.5, 10 imp ciudades; 3★ (3)"
https://sably.co/pe/curso-de-barberia/,pe,curso-de-barberia,39.23,390,0,16.98,5,"390 búsq/mes «curso de barberia» (Keyword Planner); 3 ventas históricas del producto; 1 usuario(s) con clic al CTA; comisión ~16.98 USD/venta; GSC/GA4 90d: 5 imp ficha pos 32.2, 15 imp ciudades; 4.7★ (47)"
https://sably.co/mx/curso-de-fotografia/,mx,curso-de-fotografia,39.17,1600,0,16.98,0,1.600 búsq/mes «curso de fotografia» (Keyword Planner); comisión ~16.98 USD/venta; GSC/GA4 90d: 5 imp ciudades; 5★ (5)
https://sably.co/ar/curso-de-sublimacion/,ar,curso-de-sublimacion,39.14,720,0,24.17,0,720 búsq/mes «curso de sublimacion» (Ubersuggest); comisión ~24.17 USD/venta; GSC/GA4 90d: 3 ses. IA; 4.6★ (24)
https://sably.co/cl/curso-de-barista/,cl,curso-de-barista,38.87,1300,0,15.11,6,"1.300 búsq/mes «curso de barista» (Keyword Planner); comisión ~15.11 USD/venta; GSC/GA4 90d: 6 imp ficha pos 56, 18 imp ciudades; 4.3★ (59)"
https://sably.co/co/curso-de-joyeria-artesanal/,co,curso-de-joyeria-artesanal,38.76,260,0,16.98,1,"260 búsq/mes «curso de joyeria» (Ubersuggest); 1 venta(s) sably del curso en otro país; comisión ~16.98 USD/venta; GSC/GA4 90d: 1 imp ficha pos 61, 26 imp ciudades; 4.5★ (10)"
https://sably.co/co/curso-de-peluqueria/,co,curso-de-peluqueria,38.69,480,0,178.83,1,"480 búsq/mes «curso de peluqueria» (Keyword Planner); 10 ventas históricas del producto; comisión ~178.83 USD/venta (ticket alto sin cupón); GSC/GA4 90d: 1 imp ficha pos 63, 3 imp ciudades"
https://sably.co/cl/curso-de-limpieza-facial/,cl,curso-de-limpieza-facial,38.61,210,0,34.95,4,"210 búsq/mes «curso de limpieza facial» (Keyword Planner); 18 ventas históricas del producto; comisión ~34.95 USD/venta; GSC/GA4 90d: 4 imp ficha pos 28.3, 3 imp ciudades; 5★ (2)"
https://sably.co/mx/curso-de-extensiones-de-cabello/,mx,curso-de-extensiones-de-cabello,38.53,480,0,16.98,0,"480 búsq/mes «curso de extensiones de cabello» (Ubersuggest); comisión ~16.98 USD/venta; GSC/GA4 90d: 19 imp ciudades, 1 clics"
https://sably.co/pe/curso-de-ingles/,pe,curso-de-ingles,38.46,3600,0,16.98,0,3.600 búsq/mes «curso de ingles» (Ubersuggest); comisión ~16.98 USD/venta; GSC/GA4 90d: 3 imp ciudades; 4.3★ (3)
https://sably.co/cl/curso-de-excel/,cl,curso-de-excel,38.32,3600,0,16.98,0,3.600 búsq/mes «curso de excel» (Ubersuggest); comisión ~16.98 USD/venta; 5★ (2)
https://sably.co/co/curso-de-panaderia/,co,curso-de-panaderia,38.32,480,0,16.98,3,"480 búsq/mes «curso de panaderia» (Keyword Planner); 1 usuario(s) con clic al CTA; comisión ~16.98 USD/venta; GSC/GA4 90d: 3 imp ficha pos 53, 7 imp ciudades, 2 clics; 5★ (1)"
https://sably.co/co/curso-de-pasteleria/,co,curso-de-pasteleria,38.32,320,0,16.98,0,"320 búsq/mes «curso de pasteleria» (Keyword Planner); 2 usuario(s) con clic al CTA; comisión ~16.98 USD/venta; GSC/GA4 90d: 5 imp ciudades, 1 ses. IA; 4.5★ (19)"
https://sably.co/ar/curso-de-automaquillaje/,ar,curso-de-automaquillaje,38.24,590,0,16.98,4,"590 búsq/mes «curso de automaquillaje» (Keyword Planner); 9 ventas históricas del producto; comisión ~16.98 USD/venta; GSC/GA4 90d: 4 imp ficha pos 69.5, 5 imp ciudades; 4.5★ (13)"
https://sably.co/pe/curso-de-mecanica-de-motos/,pe,curso-de-mecanica-de-motos,38.16,210,0,42.14,4,"210 búsq/mes «curso de mecanica motos» (Ubersuggest); comisión ~42.14 USD/venta; GSC/GA4 90d: 4 imp ficha pos 20.5, 16 imp ciudades, 4 clics; 4.4★ (105)"
https://sably.co/cl/curso-de-pestanas-volumen-ruso/,cl,curso-de-pestanas-volumen-ruso,38.12,140,0,31.36,2,"140 búsq/mes «curso de lashista» (Ubersuggest); 5 ventas históricas del producto; 1 usuario(s) con clic al CTA; 1 lead(s); comisión ~31.36 USD/venta; GSC/GA4 90d: 2 imp ficha pos 3, 13 imp ciudades, 2 clics, 2 ses. IA; 4.3★ (6)"
https://sably.co/ec/curso-de-ingles/,ec,curso-de-ingles,38.10,2900,0,16.98,4,"2.900 búsq/mes «curso de ingles» (Ubersuggest); comisión ~16.98 USD/venta; GSC/GA4 90d: 4 imp ficha pos 33, 1 imp ciudades; 4.3★ (3)"
https://sably.co/co/curso-de-reposteria/,co,curso-de-reposteria,38.00,880,0,16.98,1,"880 búsq/mes «curso de reposteria» (Keyword Planner); comisión ~16.98 USD/venta; GSC/GA4 90d: 1 imp ficha pos 83, 3 imp ciudades, 1 ses. IA; 4★ (3)"
https://sably.co/es/curso-de-cocina/,es,curso-de-cocina,37.92,2900,0,16.98,3,"2.900 búsq/mes «curso de cocina» (Keyword Planner); comisión ~16.98 USD/venta; GSC/GA4 90d: 3 imp ficha pos 61.3, 3 imp ciudades"
https://sably.co/es/curso-de-wedding-planner-y-eventos/,es,curso-de-wedding-planner-y-eventos,37.92,260,0,20.58,0,"260 búsq/mes «curso de wedding planner» (Keyword Planner); 1 venta(s) sably del curso en otro país; comisión ~20.58 USD/venta; GSC/GA4 90d: 20 imp ciudades, 4 ses. IA; 4.4★ (39)"
https://sably.co/us/curso-de-unas-acrilicas/,us,curso-de-unas-acrilicas,37.50,260,0,16.98,11,"260 búsq/mes «curso de uñas acrilicas» (Keyword Planner); 14 ventas históricas del producto; 1 usuario(s) con clic al CTA; comisión ~16.98 USD/venta; GSC/GA4 90d: 11 imp ficha pos 60.5, 3 ses. IA; 4.4★ (93)"
https://sably.co/es/curso-de-cejas-y-pestanas/,es,curso-de-cejas-y-pestanas,37.49,170,0,20.58,0,"170 búsq/mes «curso de lifting de pestañas» (Keyword Planner); 16 ventas históricas del producto; 1 usuario(s) con clic al CTA; comisión ~20.58 USD/venta; GSC/GA4 90d: 12 imp ciudades, 3 ses. IA; 4.5★ (318)"
https://sably.co/mx/curso-de-sublimacion/,mx,curso-de-sublimacion,37.39,320,0,24.17,0,320 búsq/mes «curso de sublimacion» (Ubersuggest tracking); comisión ~24.17 USD/venta; GSC/GA4 90d: 2 ses. IA; 4.6★ (24)
https://sably.co/ec/curso-de-maquillaje/,ec,curso-de-maquillaje,37.38,210,0,34.95,1,"210 búsq/mes «curso de maquillaje» (Keyword Planner); comisión ~34.95 USD/venta; GSC/GA4 90d: 1 imp ficha pos 38, 18 imp ciudades, 1 clics; 4.4★ (27)"
https://sably.co/es/curso-de-mecanica-de-motos/,es,curso-de-mecanica-de-motos,37.34,720,0,42.14,0,720 búsq/mes «curso de mecanica motos» (Ubersuggest); comisión ~42.14 USD/venta; 4.4★ (105)
https://sably.co/es/curso-de-barista/,es,curso-de-barista,37.25,590,0,15.11,4,"590 búsq/mes «curso de barista» (Keyword Planner); comisión ~15.11 USD/venta; GSC/GA4 90d: 4 imp ficha pos 72.5, 106 imp ciudades; 4.3★ (59)"
https://sably.co/es/curso-de-extensiones-de-pestanas/,es,curso-de-extensiones-de-pestanas,37.17,320,0,24.17,0,"320 búsq/mes «curso de pestañas» (Keyword Planner); comisión ~24.17 USD/venta; GSC/GA4 90d: 37 imp ciudades, 4 ses. IA; 5★ (7)"
https://sably.co/mx/curso-de-reparacion-de-lavadoras/,mx,curso-de-reparacion-de-lavadoras,37.17,210,0,34.95,0,210 búsq/mes «curso de reparacion de lavadoras» (Ubersuggest); comisión ~34.95 USD/venta; 4.8★ (13)
https://sably.co/mx/curso-de-energia-solar/,mx,curso-de-energia-solar,37.07,320,0,16.98,3,"320 búsq/mes «curso de paneles solares» (Ubersuggest); comisión ~16.98 USD/venta; GSC/GA4 90d: 3 imp ficha pos 78.3, 30 imp ciudades, 2 ses. IA"
https://sably.co/co/curso-de-extensiones-de-pestanas/,co,curso-de-extensiones-de-pestanas,36.69,390,0,24.17,1,"390 búsq/mes «curso de pestañas» (Keyword Planner); comisión ~24.17 USD/venta; GSC/GA4 90d: 1 imp ficha pos 216, 2 imp ciudades; 5★ (7)"
https://sably.co/pe/curso-de-maquillaje/,pe,curso-de-maquillaje,36.61,260,0,34.95,2,"260 búsq/mes «curso de maquillaje» (Keyword Planner); comisión ~34.95 USD/venta; GSC/GA4 90d: 2 imp ficha pos 21, 15 imp ciudades; 4.4★ (27)"
https://sably.co/mx/curso-de-serigrafia/,mx,curso-de-serigrafia,36.61,320,0,16.98,0,"320 búsq/mes «curso de serigrafia» (Ubersuggest tracking); comisión ~16.98 USD/venta; GSC/GA4 90d: 21 imp ciudades, 3 clics; 4.5★ (13)"
https://sably.co/mx/curso-de-frances/,mx,curso-de-frances,36.59,1600,0,16.98,0,1.600 búsq/mes «curso de frances» (Ubersuggest); comisión ~16.98 USD/venta; GSC/GA4 90d: 3 imp ciudades; 4.2★ (29)
https://sably.co/cl/curso-de-cocina/,cl,curso-de-cocina,36.50,1600,0,16.98,1,"1.600 búsq/mes «curso de cocina» (Keyword Planner); comisión ~16.98 USD/venta; GSC/GA4 90d: 1 imp ficha pos 4, 3 imp ciudades, 1 clics"
https://sably.co/mx/curso-de-community-manager/,mx,curso-de-community-manager,36.28,260,0,16.98,0,260 búsq/mes «curso de community manager» (Ubersuggest xlsx); 1 venta(s) sably del curso en otro país; 1 usuario(s) con clic al CTA; comisión ~16.98 USD/venta
https://sably.co/mx/curso-de-globoflexia/,mx,curso-de-globoflexia,36.20,590,0,16.98,0,590 búsq/mes «curso de globoflexia» (Keyword Planner); comisión ~16.98 USD/venta; 5★ (1)
https://sably.co/us/curso-de-electricista/,us,curso-de-electricista,36.11,1300,0,20.58,1,"1.300 búsq/mes «curso de electricista» (Keyword Planner); comisión ~20.58 USD/venta; GSC/GA4 90d: 1 imp ficha pos 8, 25 imp ciudades; 4.3★ (34)"
https://sably.co/mx/curso-de-colorimetria/,mx,curso-de-colorimetria,36.02,590,0,16.98,4,"590 búsq/mes «curso de colorimetria» (Ubersuggest); comisión ~16.98 USD/venta; GSC/GA4 90d: 4 imp ficha pos 21.3, 61 imp ciudades, 2 clics; 2.8★ (9)"
https://sably.co/ar/curso-de-reparacion-de-computadoras/,ar,curso-de-reparacion-de-computadoras,35.88,1300,0,24.17,0,1.300 búsq/mes «curso de reparacion de pc» (Ubersuggest); comisión ~24.17 USD/venta; GSC/GA4 90d: 1 imp ciudades; 4.7★ (9)
https://sably.co/cl/curso-de-manicure-y-pedicure/,cl,curso-de-manicure-y-pedicure,35.81,1000,0,16.98,0,1.000 búsq/mes «curso de manicure» (Keyword Planner); 15 ventas históricas del producto; comisión ~16.98 USD/venta; GSC/GA4 90d: 5 imp ciudades; 3★ (3)
https://sably.co/mx/curso-de-modisteria/,mx,curso-de-modisteria,35.81,880,0,16.98,0,"880 búsq/mes «curso de costura» (Keyword Planner); comisión ~16.98 USD/venta; GSC/GA4 90d: 8 imp ciudades, 1 clics"
https://sably.co/cl/curso-de-masajes-terapeuticos-y-relajantes/,cl,curso-de-masajes-terapeuticos-y-relajantes,35.73,480,0,16.98,0,480 búsq/mes «curso de masoterapia» (Keyword Planner); 20 ventas históricas del producto; comisión ~16.98 USD/venta; GSC/GA4 90d: 6 imp ciudades; 4.7★ (72)
https://sably.co/es/curso-de-carpinteria-y-muebles/,es,curso-de-carpinteria-y-muebles,35.44,590,0,16.98,0,590 búsq/mes «curso de carpinteria» (Keyword Planner); 1 venta(s) sably del curso en otro país; comisión ~16.98 USD/venta; GSC/GA4 90d: 5 imp ciudades
https://sably.co/mx/curso-de-diseno-de-cejas-con-hilo-y-henna/,mx,curso-de-diseno-de-cejas-con-hilo-y-henna,35.43,260,0,16.98,0,260 búsq/mes «curso de cejas» (Keyword Planner); 2 usuario(s) con clic al CTA; comisión ~16.98 USD/venta; GSC/GA4 90d: 11 imp ciudades; 4★ (2)
https://sably.co/ar/curso-de-joyeria-artesanal/,ar,curso-de-joyeria-artesanal,35.38,390,0,16.98,0,"390 búsq/mes «curso de joyeria» (Ubersuggest); 1 venta(s) sably del curso en otro país; comisión ~16.98 USD/venta; GSC/GA4 90d: 6 imp ciudades, 1 ses. IA; 4.5★ (10)"
https://sably.co/pe/curso-de-carpinteria-y-muebles/,pe,curso-de-carpinteria-y-muebles,35.29,210,0,16.98,1,"210 búsq/mes «curso de carpinteria» (Keyword Planner); 1 venta(s) sably del curso en otro país; comisión ~16.98 USD/venta; GSC/GA4 90d: 1 imp ficha pos 15, 27 imp ciudades, 4 clics"
https://sably.co/es/curso-de-pasteleria/,es,curso-de-pasteleria,35.29,390,0,16.98,1,"390 búsq/mes «curso de pasteleria» (Keyword Planner); 1 lead(s); comisión ~16.98 USD/venta; GSC/GA4 90d: 1 imp ficha pos 64, 18 imp ciudades, 1 ses. IA; 4.5★ (19)"
https://sably.co/us/curso-de-extensiones-de-pestanas/,us,curso-de-extensiones-de-pestanas,35.12,320,0,24.17,5,320 búsq/mes «curso de pestañas» (Keyword Planner); 1 lead(s); comisión ~24.17 USD/venta; GSC/GA4 90d: 5 imp ficha pos 77.6; 5★ (7)
https://sably.co/co/curso-de-community-manager/,co,curso-de-community-manager,35.10,210,0,16.98,0,210 búsq/mes «curso de community manager» (Ubersuggest tracking); 1 venta(s) sably del curso en otro país; 1 usuario(s) con clic al CTA; comisión ~16.98 USD/venta; GSC/GA4 90d: 7 imp ciudades
https://sably.co/ar/curso-de-alisados-y-keratina/,ar,curso-de-alisados-y-keratina,35.06,320,0,16.98,0,320 búsq/mes «curso de alisados» (Ubersuggest); 1 venta(s) sably del curso en otro país; comisión ~16.98 USD/venta; GSC/GA4 90d: 7 imp ciudades; 5★ (3)
https://sably.co/mx/curso-de-joyeria-artesanal/,mx,curso-de-joyeria-artesanal,35.02,210,0,16.98,0,210 búsq/mes «curso de bisuteria» (Ubersuggest); 1 venta(s) sably del curso en otro país; comisión ~16.98 USD/venta; GSC/GA4 90d: 10 imp ciudades; 4.5★ (10)
https://sably.co/pe/curso-de-decoracion-con-globos/,pe,curso-de-decoracion-con-globos,34.95,110,0,20.58,15,"110 búsq/mes «curso de decoracion con globos» (Keyword Planner); 1 venta(s) sably del curso en otro país; 1 usuario(s) con clic al CTA; comisión ~20.58 USD/venta; GSC/GA4 90d: 15 imp ficha pos 53.5, 46 imp ciudades, 2 clics, 1 ses. IA; 4.7★ (177)"
https://sably.co/co/curso-de-jabones-artesanales-para-vender/,co,curso-de-jabones-artesanales-para-vender,34.90,140,0,16.98,0,"140 búsq/mes «curso de jabones artesanales» (Keyword Planner); 2 usuario(s) con clic al CTA; comisión ~16.98 USD/venta; GSC/GA4 90d: 23 imp ciudades, 2 clics, 3 ses. IA; 4.5★ (83)"
https://sably.co/es/curso-de-unas-acrilicas/,es,curso-de-unas-acrilicas,34.77,260,0,16.98,2,"260 búsq/mes «curso de uñas acrilicas» (Keyword Planner); 14 ventas históricas del producto; comisión ~16.98 USD/venta; GSC/GA4 90d: 2 imp ficha pos 33.5, 22 imp ciudades, 1 ses. IA; 4.4★ (93)"
https://sably.co/mx/curso-de-bartender/,mx,curso-de-bartender,34.76,480,0,20.58,0,"480 búsq/mes «curso de cocteleria» (Keyword Planner); comisión ~20.58 USD/venta; GSC/GA4 90d: 7 imp ciudades, 1 clics; 3.5★ (2)"
https://sably.co/ar/curso-de-fotografia/,ar,curso-de-fotografia,34.63,1900,0,16.98,0,1.900 búsq/mes «curso de fotografia» (Keyword Planner); comisión ~16.98 USD/venta; GSC/GA4 90d: 2 imp ciudades; 5★ (5)
https://sably.co/co/curso-de-unas-acrilicas/,co,curso-de-unas-acrilicas,34.49,110,0,16.98,4,"110 búsq/mes «curso de uñas acrilicas» (Keyword Planner); 14 ventas históricas del producto; 2 usuario(s) con clic al CTA; comisión ~16.98 USD/venta; GSC/GA4 90d: 4 imp ficha pos 35.8, 20 imp ciudades, 4 ses. IA; 4.4★ (93)"
https://sably.co/co/curso-de-fotografia/,co,curso-de-fotografia,34.42,880,0,16.98,0,880 búsq/mes «curso de fotografia» (Keyword Planner); comisión ~16.98 USD/venta; GSC/GA4 90d: 8 imp ciudades; 5★ (5)
https://sably.co/cl/curso-de-reposteria/,cl,curso-de-reposteria,34.35,1300,0,16.98,1,"1.300 búsq/mes «curso de reposteria» (Keyword Planner); comisión ~16.98 USD/venta; GSC/GA4 90d: 1 imp ficha pos 3, 3 imp ciudades; 4★ (3)"
https://sably.co/ar/curso-de-masajes-terapeuticos-y-relajantes/,ar,curso-de-masajes-terapeuticos-y-relajantes,34.28,260,0,16.98,0,"260 búsq/mes «curso de masoterapia» (Keyword Planner); 20 ventas históricas del producto; comisión ~16.98 USD/venta; GSC/GA4 90d: 17 imp ciudades, 1 ses. IA; 4.7★ (72)"
https://sably.co/cl/curso-de-pasteleria/,cl,curso-de-pasteleria,34.14,480,0,16.98,1,"480 búsq/mes «curso de pasteleria» (Keyword Planner); comisión ~16.98 USD/venta; GSC/GA4 90d: 1 imp ficha pos 28, 10 imp ciudades, 1 clics; 4.5★ (19)"
https://sably.co/ar/curso-de-cocina/,ar,curso-de-cocina,34.07,2400,0,16.98,0,2.400 búsq/mes «curso de cocina» (Keyword Planner); comisión ~16.98 USD/venta
https://sably.co/es/curso-de-primeros-auxilios/,es,curso-de-primeros-auxilios,34.05,1300,0,16.98,0,1.300 búsq/mes «curso de primeros auxilios» (Keyword Planner); comisión ~16.98 USD/venta; GSC/GA4 90d: 6 imp ciudades; 4.9★ (57)
https://sably.co/ar/curso-de-porcelana-fria/,ar,curso-de-porcelana-fria,33.96,260,0,16.98,1,"260 búsq/mes «curso de porcelana fria» (Ubersuggest); 1 venta(s) sably del curso en otro país; comisión ~16.98 USD/venta; GSC/GA4 90d: 1 imp ficha pos 12, 6 imp ciudades, 2 ses. IA; 4.6★ (17)"
https://sably.co/co/curso-de-electricista/,co,curso-de-electricista,33.91,880,0,20.58,0,880 búsq/mes «curso de electricista» (Keyword Planner); comisión ~20.58 USD/venta; GSC/GA4 90d: 4 imp ciudades; 4.3★ (34)
https://sably.co/cl/curso-de-porcelana-fria/,cl,curso-de-porcelana-fria,33.86,16,1,16.98,1,"demanda estimada ~16/mes (est(<110); sin dato en CL); 1 venta(s) src=sably en CL; 1 usuario(s) con clic al CTA; comisión ~16.98 USD/venta; GSC/GA4 90d: 1 imp ficha pos 6, 7 imp ciudades; 4.6★ (17)"
https://sably.co/es/curso-de-excel/,es,curso-de-excel,33.75,1900,0,16.98,0,1.900 búsq/mes «curso de excel» (Keyword Planner); comisión ~16.98 USD/venta; GSC/GA4 90d: 2 imp ciudades; 5★ (2)
https://sably.co/cl/curso-de-bartender/,cl,curso-de-bartender,33.66,720,0,20.58,3,"720 búsq/mes «curso de bartender» (Keyword Planner); comisión ~20.58 USD/venta; GSC/GA4 90d: 3 imp ficha pos 25.3, 28 imp ciudades; 3.5★ (2)"
https://sably.co/mx/curso-de-jabones-artesanales-para-vender/,mx,curso-de-jabones-artesanales-para-vender,33.62,320,0,16.98,0,"320 búsq/mes «curso de jabones artesanales» (Keyword Planner); comisión ~16.98 USD/venta; GSC/GA4 90d: 6 imp ciudades, 1 clics; 4.5★ (83)"
https://sably.co/us/curso-de-carpinteria-y-muebles/,us,curso-de-carpinteria-y-muebles,33.61,260,0,16.98,0,"260 búsq/mes «curso de carpinteria» (Keyword Planner); 1 venta(s) sably del curso en otro país; comisión ~16.98 USD/venta; GSC/GA4 90d: 26 imp ciudades, 1 clics"
https://sably.co/cl/curso-de-mecanica-de-motos/,cl,curso-de-mecanica-de-motos,33.58,320,0,42.14,1,"320 búsq/mes «curso de mecanica de motos» (Keyword Planner); comisión ~42.14 USD/venta; GSC/GA4 90d: 1 imp ficha pos 17, 5 imp ciudades; 4.4★ (105)"
https://sably.co/mx/curso-de-limpieza-facial/,mx,curso-de-limpieza-facial,33.57,110,0,34.95,10,"110 búsq/mes «curso de limpieza facial» (Keyword Planner); 18 ventas históricas del producto; comisión ~34.95 USD/venta; GSC/GA4 90d: 10 imp ficha pos 40.9, 7 imp ciudades; 5★ (2)"
https://sably.co/cl/curso-de-depilacion/,cl,curso-de-depilacion,33.46,390,0,16.98,6,"390 búsq/mes «curso de depilacion con cera» (Keyword Planner); 18 ventas históricas del producto; comisión ~16.98 USD/venta; GSC/GA4 90d: 6 imp ficha pos 45, 1 imp ciudades, 1 clics, 1 ses. IA; 3.5★ (4)"
https://sably.co/us/curso-de-marketing-digital/,us,curso-de-marketing-digital,33.46,480,0,113.97,1,"480 búsq/mes «curso de marketing digital» (Keyword Planner); comisión ~113.97 USD/venta (ticket alto sin cupón); GSC/GA4 90d: 1 imp ficha pos 96, 12 imp ciudades, 1 clics; 5★ (7)"
https://sably.co/co/curso-de-peinados/,co,curso-de-peinados,33.44,170,0,16.98,0,170 búsq/mes «curso de peinados» (Keyword Planner); 10 ventas históricas del producto; 3 usuario(s) con clic al CTA; comisión ~16.98 USD/venta; GSC/GA4 90d: 1 ses. IA; 1.5★ (2)
https://sably.co/us/curso-de-soldadura/,us,curso-de-soldadura,33.43,390,0,24.99,6,"390 búsq/mes «curso de soldadura» (Keyword Planner); comisión ~24.99 USD/venta; GSC/GA4 90d: 6 imp ficha pos 26.5, 25 imp ciudades"
https://sably.co/ar/curso-de-trenzas-y-peinados/,ar,curso-de-trenzas-y-peinados,33.42,320,0,16.98,0,"320 búsq/mes «curso de trenzas» (Keyword Planner); 11 ventas históricas del producto; comisión ~16.98 USD/venta; GSC/GA4 90d: 10 imp ciudades, 9 ses. IA; 4★ (4)"
https://sably.co/pe/curso-de-primeros-auxilios/,pe,curso-de-primeros-auxilios,33.12,720,0,16.98,9,"720 búsq/mes «curso de primeros auxilios» (Keyword Planner); comisión ~16.98 USD/venta; GSC/GA4 90d: 9 imp ficha pos 63.7, 15 imp ciudades; 4.9★ (57)"
https://sably.co/co/curso-de-reparacion-de-lavadoras/,co,curso-de-reparacion-de-lavadoras,33.06,70,0,34.95,2,"70 búsq/mes «curso de reparacion de lavadoras» (Ubersuggest tracking); 1 usuario(s) con clic al CTA; 1 lead(s); comisión ~34.95 USD/venta; GSC/GA4 90d: 2 imp ficha pos 50.5, 16 imp ciudades, 2 clics, 1 ses. IA; 4.8★ (13)"
https://sably.co/es/curso-de-marketing-digital/,es,curso-de-marketing-digital,33.05,720,0,113.97,4,720 búsq/mes «curso de marketing digital» (Keyword Planner); comisión ~113.97 USD/venta (ticket alto sin cupón); GSC/GA4 90d: 4 imp ficha pos 51.8; 5★ (7)
https://sably.co/ar/curso-de-jabones-artesanales-para-vender/,ar,curso-de-jabones-artesanales-para-vender,33.02,260,0,16.98,0,"260 búsq/mes «curso de jabones artesanales» (Keyword Planner); comisión ~16.98 USD/venta; GSC/GA4 90d: 27 imp ciudades, 5 clics; 4.5★ (83)"
https://sably.co/us/curso-de-reparacion-de-celulares/,us,curso-de-reparacion-de-celulares,32.84,140,0,16.98,5,"140 búsq/mes «curso de reparacion de celulares» (Keyword Planner); 2 venta(s) sably del curso en otro país; comisión ~16.98 USD/venta; GSC/GA4 90d: 5 imp ficha pos 20.8, 41 imp ciudades, 2 clics; 4★ (6)"
https://sably.co/mx/curso-de-peinados/,mx,curso-de-peinados,32.51,210,0,16.98,3,"210 búsq/mes «curso de peinados» (Keyword Planner); 10 ventas históricas del producto; comisión ~16.98 USD/venta; GSC/GA4 90d: 3 imp ficha pos 36.7, 23 imp ciudades, 1 clics; 1.5★ (2)"
https://sably.co/es/curso-de-bartender/,es,curso-de-bartender,32.50,390,0,20.58,1,"390 búsq/mes «curso de cocteleria» (Keyword Planner); comisión ~20.58 USD/venta; GSC/GA4 90d: 1 imp ficha pos 9, 65 imp ciudades, 1 clics; 3.5★ (2)"
https://sably.co/co/curso-de-sublimacion/,co,curso-de-sublimacion,32.42,170,0,24.17,0,"170 búsq/mes «curso de sublimacion» (Ubersuggest tracking); comisión ~24.17 USD/venta; GSC/GA4 90d: 7 imp ciudades, 2 ses. IA; 4.6★ (24)"
https://sably.co/cl/curso-de-marketing-digital/,cl,curso-de-marketing-digital,32.34,720,0,113.97,0,720 búsq/mes «curso de marketing digital» (Keyword Planner); comisión ~113.97 USD/venta (ticket alto sin cupón); GSC/GA4 90d: 5 imp ciudades; 5★ (7)
https://sably.co/co/curso-de-bartender/,co,curso-de-bartender,32.32,390,0,20.58,2,"390 búsq/mes «curso de bartender» (Keyword Planner); comisión ~20.58 USD/venta; GSC/GA4 90d: 2 imp ficha pos 79.5, 10 imp ciudades; 3.5★ (2)"
https://sably.co/cl/curso-de-primeros-auxilios/,cl,curso-de-primeros-auxilios,32.32,1000,0,16.98,0,1.000 búsq/mes «curso de primeros auxilios» (Keyword Planner); comisión ~16.98 USD/venta; GSC/GA4 90d: 2 imp ciudades; 4.9★ (57)
https://sably.co/mx/curso-de-molderia-y-confeccion/,mx,curso-de-molderia-y-confeccion,32.27,1000,0,16.98,0,1.000 búsq/mes «curso de corte y confeccion» (Keyword Planner); comisión ~16.98 USD/venta; GSC/GA4 90d: 2 imp ciudades; 3★ (4)
https://sably.co/pe/curso-de-pasteleria/,pe,curso-de-pasteleria,32.25,320,0,16.98,1,"320 búsq/mes «curso de pasteleria» (Keyword Planner); comisión ~16.98 USD/venta; GSC/GA4 90d: 1 imp ficha pos 53, 23 imp ciudades, 1 clics; 4.5★ (19)"
https://sably.co/ec/curso-de-barberia/,ec,curso-de-barberia,32.06,210,0,16.98,0,210 búsq/mes «curso de barberia» (Keyword Planner); 3 ventas históricas del producto; comisión ~16.98 USD/venta; GSC/GA4 90d: 18 imp ciudades; 4.7★ (47)
https://sably.co/co/curso-de-barista/,co,curso-de-barista,32.03,320,0,15.11,11,320 búsq/mes «curso de barista» (Keyword Planner); comisión ~15.11 USD/venta; GSC/GA4 90d: 11 imp ficha pos 87.9; 4.3★ (59)
https://sably.co/ec/curso-de-reparacion-de-celulares/,ec,curso-de-reparacion-de-celulares,31.91,140,0,16.98,8,"140 búsq/mes «curso de reparacion de celulares» (Keyword Planner); 2 venta(s) sably del curso en otro país; comisión ~16.98 USD/venta; GSC/GA4 90d: 8 imp ficha pos 29.8, 20 imp ciudades, 1 clics, 1 ses. IA; 4★ (6)"
https://sably.co/es/curso-de-manicure-y-pedicure/,es,curso-de-manicure-y-pedicure,31.90,590,0,16.98,0,590 búsq/mes «curso de manicure» (Keyword Planner); 15 ventas históricas del producto; comisión ~16.98 USD/venta; GSC/GA4 90d: 4 imp ciudades; 3★ (3)
https://sably.co/mx/curso-de-estetica-canina/,mx,curso-de-estetica-canina,31.78,110,0,16.98,3,"110 búsq/mes «curso de peluqueria canina» (Ubersuggest tracking); 1 venta(s) sably del curso en otro país; 2 usuario(s) con clic al CTA; comisión ~16.98 USD/venta; GSC/GA4 90d: 3 imp ficha pos 36, 1 ses. IA; 4★ (7)"
https://sably.co/ar/curso-de-panaderia/,ar,curso-de-panaderia,31.66,880,0,16.98,0,880 búsq/mes «curso de panaderia» (Keyword Planner); comisión ~16.98 USD/venta; GSC/GA4 90d: 11 imp ciudades; 5★ (1)
https://sably.co/cl/curso-de-primeros-auxilios-para-mascotas/,cl,curso-de-primeros-auxilios-para-mascotas,31.66,8,1,16.98,0,demanda estimada ~8/mes (est(<110); sin dato en CL); 1 venta(s) src=sably en CL; 1 usuario(s) con clic al CTA; comisión ~16.98 USD/venta; GSC/GA4 90d: 5 imp ciudades; 4.7★ (6)
https://sably.co/us/curso-de-peluqueria/,us,curso-de-peluqueria,31.58,320,0,178.83,1,"320 búsq/mes «curso de peluqueria» (Keyword Planner); 10 ventas históricas del producto; comisión ~178.83 USD/venta (ticket alto sin cupón); GSC/GA4 90d: 1 imp ficha pos 4, 14 imp ciudades"
https://sably.co/ar/curso-de-energia-solar/,ar,curso-de-energia-solar,31.54,480,0,16.98,1,"480 búsq/mes «curso de paneles solares» (Ubersuggest); comisión ~16.98 USD/venta; GSC/GA4 90d: 1 imp ficha pos 11, 11 imp ciudades"
https://sably.co/es/curso-de-fotografia/,es,curso-de-fotografia,31.50,1300,0,16.98,1,1.300 búsq/mes «curso de fotografia» (Keyword Planner); comisión ~16.98 USD/venta; GSC/GA4 90d: 1 imp ficha pos 45; 5★ (5)
https://sably.co/co/curso-de-portugues/,co,curso-de-portugues,31.46,590,0,16.98,10,590 búsq/mes «curso de portugues» (Ubersuggest tracking); comisión ~16.98 USD/venta; GSC/GA4 90d: 10 imp ficha pos 48.1
https://sably.co/es/curso-de-maderoterapia/,es,curso-de-maderoterapia,31.39,260,0,31.36,3,260 búsq/mes «curso de maderoterapia» (Ubersuggest); comisión ~31.36 USD/venta; GSC/GA4 90d: 3 imp ficha pos 20.3; 4.9★ (92)
https://sably.co/cl/curso-de-electricista/,cl,curso-de-electricista,31.26,1300,0,20.58,0,1.300 búsq/mes «curso de electricista» (Keyword Planner); comisión ~20.58 USD/venta; 4.3★ (34)
https://sably.co/cl/curso-de-panaderia/,cl,curso-de-panaderia,31.19,390,0,16.98,0,"390 búsq/mes «curso de panaderia» (Keyword Planner); comisión ~16.98 USD/venta; GSC/GA4 90d: 14 imp ciudades, 3 clics; 5★ (1)"
https://sably.co/ar/curso-de-microblading/,ar,curso-de-microblading,30.94,210,0,34.95,0,"210 búsq/mes «curso de microblading» (Ubersuggest tracking); comisión ~34.95 USD/venta; GSC/GA4 90d: 19 imp ciudades, 1 clics; 4.4★ (16)"
https://sably.co/mx/curso-de-pasteleria/,mx,curso-de-pasteleria,30.74,390,0,16.98,0,390 búsq/mes «curso de pasteleria» (Keyword Planner); comisión ~16.98 USD/venta; 4.5★ (19)
https://sably.co/co/curso-de-serigrafia/,co,curso-de-serigrafia,30.67,70,0,16.98,1,"70 búsq/mes «curso de serigrafia» (Ubersuggest tracking); 1 usuario(s) con clic al CTA; 1 lead(s); comisión ~16.98 USD/venta; GSC/GA4 90d: 1 imp ficha pos 11, 67 imp ciudades, 5 clics, 1 ses. IA; 4.5★ (13)"
https://sably.co/mx/curso-de-trenzas-y-peinados/,mx,curso-de-trenzas-y-peinados,30.67,140,0,16.98,0,"140 búsq/mes «curso de trenzas» (Keyword Planner); 11 ventas históricas del producto; comisión ~16.98 USD/venta; GSC/GA4 90d: 23 imp ciudades, 3 clics; 4★ (4)"
https://sably.co/pe/curso-de-bartender/,pe,curso-de-bartender,30.45,260,0,20.58,12,"260 búsq/mes «curso de bartender» (Keyword Planner); comisión ~20.58 USD/venta; GSC/GA4 90d: 12 imp ficha pos 76, 51 imp ciudades, 1 clics; 3.5★ (2)"
https://sably.co/es/curso-de-reposteria/,es,curso-de-reposteria,30.43,880,0,16.98,0,880 búsq/mes «curso de reposteria» (Keyword Planner); comisión ~16.98 USD/venta; 4★ (3)
https://sably.co/co/curso-de-frances/,co,curso-de-frances,30.35,590,0,16.98,3,"590 búsq/mes «curso de frances» (Ubersuggest tracking); comisión ~16.98 USD/venta; GSC/GA4 90d: 3 imp ficha pos 62.3, 7 imp ciudades; 4.2★ (29)"
https://sably.co/es/curso-de-portugues/,es,curso-de-portugues,30.26,260,0,16.98,13,"260 búsq/mes «curso de portugues» (Ubersuggest); comisión ~16.98 USD/venta; GSC/GA4 90d: 13 imp ficha pos 82.5, 257 imp ciudades"
https://sably.co/us/curso-de-barista/,us,curso-de-barista,30.15,210,0,15.11,7,"210 búsq/mes «curso de barista» (Keyword Planner); comisión ~15.11 USD/venta; GSC/GA4 90d: 7 imp ficha pos 41.7, 49 imp ciudades, 2 clics, 1 ses. IA; 4.3★ (59)"
https://sably.co/es/curso-de-decoracion-con-globos/,es,curso-de-decoracion-con-globos,29.84,90,0,20.58,0,"90 búsq/mes «curso de decoracion con globos» (Keyword Planner); 1 venta(s) sably del curso en otro país; comisión ~20.58 USD/venta; GSC/GA4 90d: 72 imp ciudades, 2 clics, 1 ses. IA; 4.7★ (177)"
https://sably.co/ar/curso-de-unas-acrilicas/,ar,curso-de-unas-acrilicas,29.83,210,0,16.98,0,210 búsq/mes «curso de uñas esculpidas» (Keyword Planner); 14 ventas históricas del producto; comisión ~16.98 USD/venta; GSC/GA4 90d: 6 imp ciudades; 4.4★ (93)
https://sably.co/us/curso-de-bouquets-con-globos/,us,curso-de-bouquets-con-globos,29.71,0,0.5,16.98,0,"0 búsq/mes «curso de bouquets de globos» (Keyword Planner); 0.5 venta(s) src=sably en US; 4 ventas históricas del producto; 2 usuario(s) con clic al CTA; comisión ~16.98 USD/venta; GSC/GA4 90d: 1 imp ciudades, 3 ses. IA; 4.4★ (5)"
https://sably.co/mx/curso-de-chocolateria/,mx,curso-de-chocolateria,29.57,210,0,27.76,0,"210 búsq/mes «curso de chocolateria» (Ubersuggest tracking); comisión ~27.76 USD/venta; GSC/GA4 90d: 7 imp ciudades, 1 clics; 4.1★ (25)"
https://sably.co/ec/curso-de-excel/,ec,curso-de-excel,29.57,880,0,16.98,3,"880 búsq/mes «curso de excel» (Ubersuggest); comisión ~16.98 USD/venta; GSC/GA4 90d: 3 imp ficha pos 23, 4 imp ciudades; 5★ (2)"
https://sably.co/pe/curso-de-masajes/,pe,curso-de-masajes,29.56,170,0,16.98,1,"170 búsq/mes «curso de masajes» (Keyword Planner); 1 venta(s) sably del curso en otro país; 47 ventas históricas del producto; comisión ~16.98 USD/venta; GSC/GA4 90d: 1 imp ficha pos 65, 6 imp ciudades; 4.3★ (10)"
https://sably.co/pe/curso-de-contabilidad-basica/,pe,curso-de-contabilidad-basica,29.53,1300,0,16.98,0,1.300 búsq/mes «curso de contabilidad» (Ubersuggest); comisión ~16.98 USD/venta; 4.3★ (10)
https://sably.co/pe/curso-de-electricista/,pe,curso-de-electricista,29.49,880,0,20.58,0,880 búsq/mes «curso de electricista» (Keyword Planner); comisión ~20.58 USD/venta; GSC/GA4 90d: 4 imp ciudades; 4.3★ (34)
https://sably.co/mx/curso-de-guitarra/,mx,curso-de-guitarra,29.33,720,0,16.98,0,720 búsq/mes «curso de guitarra» (Ubersuggest); comisión ~16.98 USD/venta; GSC/GA4 90d: 1 imp ciudades; 5★ (1)
https://sably.co/ar/curso-de-modisteria/,ar,curso-de-modisteria,29.24,1300,0,16.98,0,1.300 búsq/mes «curso de costura» (Keyword Planner); comisión ~16.98 USD/venta
https://sably.co/ar/curso-de-mecanica-de-bicicletas/,ar,curso-de-mecanica-de-bicicletas,29.21,260,0,20.58,2,"260 búsq/mes «curso de mecanica de bicicletas» (Ubersuggest); comisión ~20.58 USD/venta; GSC/GA4 90d: 2 imp ficha pos 14, 18 imp ciudades, 1 clics; 4.5★ (87)"
https://sably.co/ar/curso-de-molderia-y-confeccion/,ar,curso-de-molderia-y-confeccion,29.20,720,0,16.98,0,720 búsq/mes «curso de corte y confeccion» (Keyword Planner); 1 usuario(s) con clic al CTA; comisión ~16.98 USD/venta; GSC/GA4 90d: 3 imp ciudades; 3★ (4)
https://sably.co/es/curso-de-microblading/,es,curso-de-microblading,29.10,210,0,34.95,0,210 búsq/mes «curso de microblading» (Keyword Planner); comisión ~34.95 USD/venta; GSC/GA4 90d: 14 imp ciudades; 4.4★ (16)
https://sably.co/ar/curso-de-reposteria/,ar,curso-de-reposteria,29.07,880,0,16.98,0,880 búsq/mes «curso de reposteria» (Keyword Planner); comisión ~16.98 USD/venta; GSC/GA4 90d: 1 imp ciudades; 4★ (3)
https://sably.co/co/curso-de-modisteria/,co,curso-de-modisteria,29.04,480,0,16.98,1,"480 búsq/mes «curso de costura» (Keyword Planner); comisión ~16.98 USD/venta; GSC/GA4 90d: 1 imp ficha pos 83, 13 imp ciudades"
https://sably.co/us/curso-de-cejas-y-pestanas/,us,curso-de-cejas-y-pestanas,28.93,140,0,20.58,1,"140 búsq/mes «curso de cejas y pestañas» (Ubersuggest); 16 ventas históricas del producto; comisión ~20.58 USD/venta; GSC/GA4 90d: 1 imp ficha pos 85, 7 imp ciudades; 4.5★ (318)"
https://sably.co/pe/curso-de-barista/,pe,curso-de-barista,28.86,210,0,15.11,9,"210 búsq/mes «curso de barista» (Keyword Planner); comisión ~15.11 USD/venta; GSC/GA4 90d: 9 imp ficha pos 53.2, 38 imp ciudades, 1 ses. IA; 4.3★ (59)"
https://sably.co/mx/curso-de-manicure-y-pedicure/,mx,curso-de-manicure-y-pedicure,28.85,210,0,16.98,1,210 búsq/mes «curso de manicure» (Keyword Planner); 15 ventas históricas del producto; comisión ~16.98 USD/venta; GSC/GA4 90d: 1 imp ficha pos 9; 3★ (3)
https://sably.co/es/curso-de-community-manager/,es,curso-de-community-manager,28.79,260,0,16.98,0,260 búsq/mes «curso de community manager» (Ubersuggest); 1 venta(s) sably del curso en otro país; comisión ~16.98 USD/venta; GSC/GA4 90d: 3 imp ciudades
https://sably.co/co/curso-de-diseno-de-cejas-con-hilo-y-henna/,co,curso-de-diseno-de-cejas-con-hilo-y-henna,28.74,170,0,16.98,0,170 búsq/mes «curso de cejas» (Keyword Planner); 1 lead(s); comisión ~16.98 USD/venta; GSC/GA4 90d: 2 ses. IA; 4★ (2)
https://sably.co/co/curso-de-contabilidad-basica/,co,curso-de-contabilidad-basica,28.24,590,0,16.98,1,"590 búsq/mes «curso de contabilidad» (Ubersuggest); comisión ~16.98 USD/venta; GSC/GA4 90d: 1 imp ficha pos 4, 1 imp ciudades; incluida por garantía CO/MX (demanda medida ≥200/mes); 4.3★ (10)"
https://sably.co/co/curso-de-guitarra/,co,curso-de-guitarra,26.68,480,0,16.98,0,480 búsq/mes «curso de guitarra» (Ubersuggest tracking); comisión ~16.98 USD/venta; GSC/GA4 90d: 3 imp ciudades; incluida por garantía CO/MX (demanda medida ≥200/mes); 5★ (1)
https://sably.co/co/curso-de-crochet/,co,curso-de-crochet,26.35,210,0,16.98,4,"210 búsq/mes «curso de crochet» (Ubersuggest tracking); comisión ~16.98 USD/venta; GSC/GA4 90d: 4 imp ficha pos 21.3, 5 imp ciudades, 1 clics, 1 ses. IA; incluida por garantía CO/MX (demanda medida ≥200/mes)"
https://sably.co/mx/curso-de-portugues/,mx,curso-de-portugues,25.59,480,0,16.98,0,480 búsq/mes «curso de portugues» (Ubersuggest); comisión ~16.98 USD/venta; GSC/GA4 90d: 1 imp ciudades; incluida por garantía CO/MX (demanda medida ≥200/mes)
https://sably.co/co/curso-de-piano/,co,curso-de-piano,23.83,210,0,16.98,1,"210 búsq/mes «curso de piano» (Ubersuggest tracking); comisión ~16.98 USD/venta; GSC/GA4 90d: 1 imp ficha pos 11, 14 imp ciudades; incluida por garantía CO/MX (demanda medida ≥200/mes); 5★ (2)"
https://sably.co/mx/curso-de-crochet/,mx,curso-de-crochet,22.87,210,0,16.98,2,"210 búsq/mes «curso de crochet» (Ubersuggest); comisión ~16.98 USD/venta; GSC/GA4 90d: 2 imp ficha pos 20.5, 10 imp ciudades; incluida por garantía CO/MX (demanda medida ≥200/mes)"
https://sably.co/mx/curso-de-piano/,mx,curso-de-piano,21.18,260,0,16.98,0,260 búsq/mes «curso de piano» (Ubersuggest); comisión ~16.98 USD/venta; incluida por garantía CO/MX (demanda medida ≥200/mes); 5★ (2)
https://sably.co/co/curso-de-molderia-y-confeccion/,co,curso-de-molderia-y-confeccion,20.26,210,0,16.98,0,210 búsq/mes «curso de confeccion» (Keyword Planner); comisión ~16.98 USD/venta; incluida por garantía CO/MX (demanda medida ≥200/mes); 3★ (4)
https://sably.co/mx/curso-de-defensa-personal-para-mujeres/,mx,curso-de-defensa-personal-para-mujeres,19.78,210,0,16.98,0,210 búsq/mes «curso de defensa personal» (Keyword Planner); comisión ~16.98 USD/venta; GSC/GA4 90d: 4 imp ciudades; incluida por garantía CO/MX (demanda medida ≥200/mes); 3.5★ (4)
