motivo_gsc,url,ultimo_rastreo_gsc,http_final_antes,destino_antes,canonica_antes,noindex_antes,accion
noindex,https://sably.co/us/losangeles/cursos/manualidades/,2026-10-05 00:00:00,200,https://sably.co/us/losangeles/cursos/manualidades/,https://sably.co/us/cursos/manualidades/,True,"Retirar noindex Google; mantener HTTP 200, contenido y canonica pais"
noindex,https://sably.co/es/bilbao/cursos/belleza-online/,2026-10-04 00:00:00,200,https://sably.co/es/bilbao/cursos/belleza-online/,https://sably.co/es/cursos/belleza-online/,True,"Retirar noindex Google; mantener HTTP 200, contenido y canonica pais"
noindex,https://sably.co/ar/cordoba/,2026-10-04 00:00:00,200,https://sably.co/ar/cordoba/,https://sably.co/ar/,True,"Retirar noindex Google; mantener HTTP 200, contenido y canonica pais"
noindex,https://sably.co/ar/mendoza/,2026-10-04 00:00:00,200,https://sably.co/ar/mendoza/,https://sably.co/ar/,True,"Retirar noindex Google; mantener HTTP 200, contenido y canonica pais"
noindex,https://sably.co/us/chicago/cursos/emprendimiento/,2026-10-04 00:00:00,200,https://sably.co/us/chicago/cursos/emprendimiento/,https://sably.co/us/cursos/emprendimiento/,True,"Retirar noindex Google; mantener HTTP 200, contenido y canonica pais"
noindex,https://sably.co/ec/guayaquil/,2026-10-04 00:00:00,200,https://sably.co/ec/guayaquil/,https://sably.co/ec/,True,"Retirar noindex Google; mantener HTTP 200, contenido y canonica pais"
noindex,https://sably.co/us/miami/cursos/oficios/,2026-10-03 00:00:00,200,https://sably.co/us/miami/cursos/oficios/,https://sably.co/us/cursos/oficios/,True,"Retirar noindex Google; mantener HTTP 200, contenido y canonica pais"
noindex,https://sably.co/us/houston/cursos/oficios/,2026-10-03 00:00:00,200,https://sably.co/us/houston/cursos/oficios/,https://sably.co/us/cursos/oficios/,True,"Retirar noindex Google; mantener HTTP 200, contenido y canonica pais"
noindex,https://sably.co/ar/rosario/,2026-10-02 00:00:00,200,https://sably.co/ar/rosario/,https://sably.co/ar/,True,"Retirar noindex Google; mantener HTTP 200, contenido y canonica pais"
noindex,https://sably.co/mx/monterrey/cursos/oficios/,2026-10-01 00:00:00,200,https://sably.co/mx/monterrey/cursos/oficios/,https://sably.co/mx/cursos/oficios/,True,"Retirar noindex Google; mantener HTTP 200, contenido y canonica pais"
noindex,https://sably.co/es/bilbao/cursos/manualidades/,2026-09-30 00:00:00,200,https://sably.co/es/bilbao/cursos/manualidades/,https://sably.co/es/cursos/manualidades/,True,"Retirar noindex Google; mantener HTTP 200, contenido y canonica pais"
noindex,https://sably.co/ec/guayaquil/cursos/belleza-online/,2026-09-30 00:00:00,200,https://sably.co/ec/guayaquil/cursos/belleza-online/,https://sably.co/ec/cursos/belleza-online/,True,"Retirar noindex Google; mantener HTTP 200, contenido y canonica pais"
noindex,https://sably.co/ec/guayaquil/cursos/panaderia-y-pasteleria/,2026-09-30 00:00:00,200,https://sably.co/ec/guayaquil/cursos/panaderia-y-pasteleria/,https://sably.co/ec/cursos/panaderia-y-pasteleria/,True,"Retirar noindex Google; mantener HTTP 200, contenido y canonica pais"
noindex,https://sably.co/es/madrid/cursos/manualidades/,2026-09-28 00:00:00,200,https://sably.co/es/madrid/cursos/manualidades/,https://sably.co/es/cursos/manualidades/,True,"Retirar noindex Google; mantener HTTP 200, contenido y canonica pais"
noindex,https://sably.co/ec/guayaquil/cursos/oficios/,2026-09-28 00:00:00,200,https://sably.co/ec/guayaquil/cursos/oficios/,https://sably.co/ec/cursos/oficios/,True,"Retirar noindex Google; mantener HTTP 200, contenido y canonica pais"
noindex,https://sably.co/es/malaga/cursos/cuidado-animal/,2026-09-28 00:00:00,200,https://sably.co/es/malaga/cursos/cuidado-animal/,https://sably.co/es/cursos/cuidado-animal/,True,"Retirar noindex Google; mantener HTTP 200, contenido y canonica pais"
noindex,https://sably.co/cl/valparaiso/,2026-09-28 00:00:00,200,https://sably.co/cl/valparaiso/,https://sably.co/cl/,True,"Retirar noindex Google; mantener HTTP 200, contenido y canonica pais"
noindex,https://sably.co/co/barranquilla/cursos/moda-y-confeccion/,2026-09-28 00:00:00,200,https://sably.co/co/barranquilla/cursos/moda-y-confeccion/,https://sably.co/co/cursos/moda-y-confeccion/,True,"Retirar noindex Google; mantener HTTP 200, contenido y canonica pais"
noindex,https://sably.co/us/houston/cursos/manualidades/,2026-09-28 00:00:00,200,https://sably.co/us/houston/cursos/manualidades/,https://sably.co/us/cursos/manualidades/,True,"Retirar noindex Google; mantener HTTP 200, contenido y canonica pais"
noindex,https://sably.co/us/miami/,2026-09-27 00:00:00,200,https://sably.co/us/miami/,https://sably.co/us/,True,"Retirar noindex Google; mantener HTTP 200, contenido y canonica pais"
noindex,https://sably.co/us/newyork/cursos/moda-y-confeccion/,2026-09-27 00:00:00,200,https://sably.co/us/newyork/cursos/moda-y-confeccion/,https://sably.co/us/cursos/moda-y-confeccion/,True,"Retirar noindex Google; mantener HTTP 200, contenido y canonica pais"
noindex,https://sably.co/pe/trujillo/,2026-09-26 00:00:00,200,https://sably.co/pe/trujillo/,https://sably.co/pe/,True,"Retirar noindex Google; mantener HTTP 200, contenido y canonica pais"
noindex,https://sably.co/ar/mendoza/cursos/oficios/,2026-09-26 00:00:00,200,https://sably.co/ar/mendoza/cursos/oficios/,https://sably.co/ar/cursos/oficios/,True,"Retirar noindex Google; mantener HTTP 200, contenido y canonica pais"
noindex,https://sably.co/ar/mendoza/cursos/manualidades/,2026-09-26 00:00:00,200,https://sably.co/ar/mendoza/cursos/manualidades/,https://sably.co/ar/cursos/manualidades/,True,"Retirar noindex Google; mantener HTTP 200, contenido y canonica pais"
noindex,https://sably.co/ar/rosario/cursos/hospitalidad/,2026-09-26 00:00:00,200,https://sably.co/ar/rosario/cursos/hospitalidad/,https://sably.co/ar/cursos/hospitalidad/,True,"Retirar noindex Google; mantener HTTP 200, contenido y canonica pais"
noindex,https://sably.co/ar/mendoza/cursos/idiomas/,2026-09-25 00:00:00,200,https://sably.co/ar/mendoza/cursos/idiomas/,https://sably.co/ar/cursos/idiomas/,True,"Retirar noindex Google; mantener HTTP 200, contenido y canonica pais"
noindex,https://sably.co/co/bucaramanga/cursos/bienestar/,2026-09-24 00:00:00,200,https://sably.co/co/bucaramanga/cursos/bienestar/,https://sably.co/co/cursos/bienestar/,True,"Retirar noindex Google; mantener HTTP 200, contenido y canonica pais"
redireccion,https://sably.co/cursos/curso-de-unas-acrilicas,2026-10-05 00:00:00,200,https://sably.co/co/curso-de-unas-acrilicas/,https://sably.co/co/curso-de-unas-acrilicas/,False,Mantener redireccion permanente al destino preferido
redireccion,http://sably.co/legal/privacidad,2026-10-05 00:00:00,200,https://sably.co/legal/privacidad/,https://sably.co/legal/privacidad/,False,Mantener redireccion permanente al destino preferido
redireccion,https://sably.co/legal/privacidad,2026-10-05 00:00:00,200,https://sably.co/legal/privacidad/,https://sably.co/legal/privacidad/,False,Mantener redireccion permanente al destino preferido
redireccion,http://sably.co/nosotros,2026-10-04 00:00:00,200,https://sably.co/nosotros/,https://sably.co/nosotros/,False,Mantener redireccion permanente al destino preferido
redireccion,https://sably.co/nosotros,2026-10-04 00:00:00,200,https://sably.co/nosotros/,https://sably.co/nosotros/,False,Mantener redireccion permanente al destino preferido
redireccion,https://sably.co/es/curso-de-cocina-desde-cero-a-profesional/,2026-10-04 00:00:00,200,https://sably.co/es/curso-de-cocina/,https://sably.co/es/curso-de-cocina/,False,Mantener redireccion permanente al destino preferido
redireccion,http://sably.co/,2026-10-03 00:00:00,200,https://sably.co/co/,https://sably.co/co/,False,Mantener redireccion permanente al destino preferido
redireccion,https://sably.co/,2026-10-03 00:00:00,200,https://sably.co/co/,https://sably.co/co/,False,Mantener redireccion permanente al destino preferido
redireccion,https://sably.co/ec/cuenca/curso-de-soldadura-mig-tig-y-arco-electrico/,2026-10-01 00:00:00,200,https://sably.co/ec/cuenca/curso-de-soldadura/,https://sably.co/ec/curso-de-soldadura/,False,Mantener redireccion permanente al destino preferido
redireccion,https://sably.co/us/houston/curso-de-panaderia-artesanal-y-masa-madre/,2026-09-30 00:00:00,200,https://sably.co/us/houston/curso-de-panaderia/,https://sably.co/us/curso-de-panaderia/,False,Mantener redireccion permanente al destino preferido
redireccion,https://sably.co/ec/curso-de-soldadura-mig-tig-y-arco-electrico/,2026-09-30 00:00:00,200,https://sably.co/ec/curso-de-soldadura/,https://sably.co/ec/curso-de-soldadura/,False,Mantener redireccion permanente al destino preferido
redireccion,http://sably.co/legal/terminos,2026-09-29 00:00:00,200,https://sably.co/legal/terminos/,https://sably.co/legal/terminos/,False,Mantener redireccion permanente al destino preferido
redireccion,https://sably.co/legal/terminos,2026-09-29 00:00:00,200,https://sably.co/legal/terminos/,https://sably.co/legal/terminos/,False,Mantener redireccion permanente al destino preferido
redireccion,https://sably.co/es/curso-de-corte-y-confeccion-desde-cero/,2026-09-29 00:00:00,200,https://sably.co/es/curso-de-corte-y-confeccion/,https://sably.co/es/curso-de-corte-y-confeccion/,True,Mantener 301; destino PENDIENTE excluido deliberadamente
redireccion,https://sably.co/es/curso-de-marketing-digital-para-emprendedores/,2026-09-28 00:00:00,200,https://sably.co/es/curso-de-marketing-digital/,https://sably.co/es/curso-de-marketing-digital/,False,Mantener redireccion permanente al destino preferido
redireccion,https://sably.co/mx/curso-de-soldadura-mig-tig-y-arco-electrico/,2026-09-27 00:00:00,200,https://sably.co/mx/curso-de-soldadura/,https://sably.co/mx/curso-de-soldadura/,False,Mantener redireccion permanente al destino preferido
redireccion,https://sably.co/mx/monterrey/curso-de-soldadura-mig-tig-y-arco-electrico/,2026-09-27 00:00:00,200,https://sably.co/mx/monterrey/curso-de-soldadura/,https://sably.co/mx/curso-de-soldadura/,False,Mantener redireccion permanente al destino preferido
redireccion,https://sably.co/ec/cuenca/curso-de-resina-epoxica-paso-a-paso/,2026-09-26 00:00:00,200,https://sably.co/ec/cuenca/curso-de-resina-epoxica/,https://sably.co/ec/curso-de-resina-epoxica/,True,Mantener 301; destino PENDIENTE excluido deliberadamente
redireccion,https://sably.co/pe/curso-de-soldadura-mig-tig-y-arco-electrico/,2026-09-26 00:00:00,200,https://sably.co/pe/curso-de-soldadura/,https://sably.co/pe/curso-de-soldadura/,False,Mantener redireccion permanente al destino preferido
redireccion,https://sably.co/us/curso-de-panaderia-artesanal-y-masa-madre/,2026-09-25 00:00:00,200,https://sably.co/us/curso-de-panaderia/,https://sably.co/us/curso-de-panaderia/,False,Mantener redireccion permanente al destino preferido
redireccion,https://sably.co/us/curso-de-cocina-desde-cero-a-profesional/,2026-09-24 00:00:00,200,https://sably.co/us/curso-de-cocina/,https://sably.co/us/curso-de-cocina/,False,Mantener redireccion permanente al destino preferido
redireccion,https://sably.co/cl/santiago/curso-de-mecanica-de-motos-desde-cero/,2026-09-24 00:00:00,200,https://sably.co/cl/santiago/curso-de-mecanica-de-motos/,https://sably.co/cl/curso-de-mecanica-de-motos/,False,Mantener redireccion permanente al destino preferido
redireccion,https://sably.co/es/curso-de-panaderia-artesanal-y-masa-madre/,2026-09-22 00:00:00,200,https://sably.co/es/curso-de-panaderia/,https://sably.co/es/curso-de-panaderia/,False,Mantener redireccion permanente al destino preferido
redireccion,https://sably.co/pe/cusco/curso-de-corte-y-confeccion-desde-cero/,2026-09-18 00:00:00,200,https://sably.co/pe/cusco/curso-de-corte-y-confeccion/,https://sably.co/pe/curso-de-corte-y-confeccion/,True,Mantener 301; destino PENDIENTE excluido deliberadamente
redireccion,https://sably.co/us/newyork/curso-de-marketing-digital-para-emprendedores/,2026-09-16 00:00:00,200,https://sably.co/us/newyork/curso-de-marketing-digital/,https://sably.co/us/curso-de-marketing-digital/,False,Mantener redireccion permanente al destino preferido
redireccion,https://sably.co/ec/guayaquil/curso-de-corte-y-confeccion-desde-cero/,2026-09-14 00:00:00,200,https://sably.co/ec/guayaquil/curso-de-corte-y-confeccion/,https://sably.co/ec/curso-de-corte-y-confeccion/,True,Mantener 301; destino PENDIENTE excluido deliberadamente
redireccion,https://sably.co/ec/cuenca/curso-de-aire-acondicionado-y-refrigeracion/,2026-09-14 00:00:00,200,https://sably.co/ec/cuenca/curso-de-aire-acondicionado/,https://sably.co/ec/curso-de-aire-acondicionado/,True,Mantener 301; destino PENDIENTE excluido deliberadamente
redireccion,https://sably.co/us/miami/curso-de-aire-acondicionado-y-refrigeracion/,2026-09-14 00:00:00,200,https://sably.co/us/miami/curso-de-aire-acondicionado/,https://sably.co/us/curso-de-aire-acondicionado/,True,Mantener 301; destino PENDIENTE excluido deliberadamente
redireccion,https://sably.co/mx/cancun/curso-de-marketing-digital-para-emprendedores/,2026-09-14 00:00:00,200,https://sably.co/mx/cancun/curso-de-marketing-digital/,https://sably.co/mx/curso-de-marketing-digital/,False,Mantener redireccion permanente al destino preferido
redireccion,https://sably.co/mx/guadalajara/curso-de-marketing-digital-para-emprendedores/,2026-09-13 00:00:00,200,https://sably.co/mx/guadalajara/curso-de-marketing-digital/,https://sably.co/mx/curso-de-marketing-digital/,False,Mantener redireccion permanente al destino preferido
redireccion,https://sably.co/ec/guayaquil/curso-de-panaderia-artesanal-y-masa-madre/,2026-09-13 00:00:00,200,https://sably.co/ec/guayaquil/curso-de-panaderia/,https://sably.co/ec/curso-de-panaderia/,False,Mantener redireccion permanente al destino preferido
redireccion,https://sably.co/mx/monterrey/curso-de-aire-acondicionado-y-refrigeracion/,2026-09-13 00:00:00,200,https://sably.co/mx/monterrey/curso-de-aire-acondicionado/,https://sably.co/mx/curso-de-aire-acondicionado/,True,Mantener 301; destino PENDIENTE excluido deliberadamente
redireccion,https://sably.co/cl/concepcion/curso-de-panaderia-artesanal-y-masa-madre/,2026-09-12 00:00:00,200,https://sably.co/cl/concepcion/curso-de-panaderia/,https://sably.co/cl/curso-de-panaderia/,False,Mantener redireccion permanente al destino preferido
redireccion,https://sably.co/ar/cordoba/curso-de-corte-y-confeccion-desde-cero/,2026-09-11 00:00:00,200,https://sably.co/ar/cordoba/curso-de-corte-y-confeccion/,https://sably.co/ar/curso-de-corte-y-confeccion/,True,Mantener 301; destino PENDIENTE excluido deliberadamente
redireccion,https://sably.co/cl/valparaiso/curso-de-panaderia-artesanal-y-masa-madre/,2026-09-09 00:00:00,200,https://sably.co/cl/valparaiso/curso-de-panaderia/,https://sably.co/cl/curso-de-panaderia/,False,Mantener redireccion permanente al destino preferido
redireccion,https://sably.co/co/bogota/curso-de-corte-y-confeccion-desde-cero/,2026-09-07 00:00:00,200,https://sably.co/co/bogota/curso-de-corte-y-confeccion/,https://sably.co/co/curso-de-corte-y-confeccion/,True,Mantener 301; destino PENDIENTE excluido deliberadamente
redireccion,https://sably.co/cl/curso-de-reposteria-fina-y-postres-gourmet/,2026-09-06 00:00:00,200,https://sably.co/cl/curso-de-reposteria/,https://sably.co/cl/curso-de-reposteria/,False,Mantener redireccion permanente al destino preferido
redireccion,https://sably.co/cl/santiago/curso-de-panaderia-artesanal-y-masa-madre/,2026-09-04 00:00:00,200,https://sably.co/cl/santiago/curso-de-panaderia/,https://sably.co/cl/curso-de-panaderia/,False,Mantener redireccion permanente al destino preferido
redireccion,https://sably.co/ar/mendoza/curso-de-corte-y-confeccion-desde-cero/,2026-09-02 00:00:00,200,https://sably.co/ar/mendoza/curso-de-corte-y-confeccion/,https://sably.co/ar/curso-de-corte-y-confeccion/,True,Mantener 301; destino PENDIENTE excluido deliberadamente
redireccion,https://sably.co/pe/cusco/curso-de-marketing-digital-para-emprendedores/,2026-08-31 00:00:00,200,https://sably.co/pe/cusco/curso-de-marketing-digital/,https://sably.co/pe/curso-de-marketing-digital/,False,Mantener redireccion permanente al destino preferido
redireccion,https://sably.co/co/barranquilla/curso-de-corte-y-confeccion-desde-cero/,2026-08-26 00:00:00,200,https://sably.co/co/barranquilla/curso-de-corte-y-confeccion/,https://sably.co/co/curso-de-corte-y-confeccion/,True,Mantener 301; destino PENDIENTE excluido deliberadamente
redireccion,https://sably.co/ec/guayaquil/curso-de-aire-acondicionado-y-refrigeracion/,2026-08-21 00:00:00,200,https://sably.co/ec/guayaquil/curso-de-aire-acondicionado/,https://sably.co/ec/curso-de-aire-acondicionado/,True,Mantener 301; destino PENDIENTE excluido deliberadamente
redireccion,https://sably.co/ec/guayaquil/curso-de-resina-epoxica-paso-a-paso/,2026-08-21 00:00:00,200,https://sably.co/ec/guayaquil/curso-de-resina-epoxica/,https://sably.co/ec/curso-de-resina-epoxica/,True,Mantener 301; destino PENDIENTE excluido deliberadamente
redireccion,http://sably.co/nosotros/,2026-08-20 00:00:00,200,https://sably.co/nosotros/,https://sably.co/nosotros/,False,Mantener redireccion permanente al destino preferido
redireccion,https://sably.co/ec/curso-de-aire-acondicionado-y-refrigeracion/,2026-08-16 00:00:00,200,https://sably.co/ec/curso-de-aire-acondicionado/,https://sably.co/ec/curso-de-aire-acondicionado/,True,Mantener 301; destino PENDIENTE excluido deliberadamente
redireccion,https://sably.co/ec/quito/curso-de-cocina-desde-cero-a-profesional/,2026-08-16 00:00:00,200,https://sably.co/ec/quito/curso-de-cocina/,https://sably.co/ec/curso-de-cocina/,False,Mantener redireccion permanente al destino preferido
redireccion,https://sably.co/ec/guayaquil/curso-de-mecanica-de-motos-desde-cero/,2026-08-16 00:00:00,200,https://sably.co/ec/guayaquil/curso-de-mecanica-de-motos/,https://sably.co/ec/curso-de-mecanica-de-motos/,False,Mantener redireccion permanente al destino preferido
redireccion,https://sably.co/ec/cuenca/curso-de-panaderia-artesanal-y-masa-madre/,2026-08-15 00:00:00,200,https://sably.co/ec/cuenca/curso-de-panaderia/,https://sably.co/ec/curso-de-panaderia/,False,Mantener redireccion permanente al destino preferido
redireccion,https://sably.co/contacto,2026-08-14 00:00:00,200,https://sably.co/contacto/,https://sably.co/contacto/,False,Mantener redireccion permanente al destino preferido
redireccion,https://sably.co/ec/curso-de-cocina-desde-cero-a-profesional/,2026-08-14 00:00:00,200,https://sably.co/ec/curso-de-cocina/,https://sably.co/ec/curso-de-cocina/,False,Mantener redireccion permanente al destino preferido
redireccion,https://sably.co/us/curso-de-aire-acondicionado-y-refrigeracion/,2026-08-13 00:00:00,200,https://sably.co/us/curso-de-aire-acondicionado/,https://sably.co/us/curso-de-aire-acondicionado/,True,Mantener 301; destino PENDIENTE excluido deliberadamente
redireccion,https://sably.co/cl/santiago/curso-de-marketing-digital-para-emprendedores/,2026-08-12 00:00:00,200,https://sably.co/cl/santiago/curso-de-marketing-digital/,https://sably.co/cl/curso-de-marketing-digital/,False,Mantener redireccion permanente al destino preferido
redireccion,https://sably.co/ec/quito/curso-de-corte-y-confeccion-desde-cero/,2026-08-12 00:00:00,200,https://sably.co/ec/quito/curso-de-corte-y-confeccion/,https://sably.co/ec/curso-de-corte-y-confeccion/,True,Mantener 301; destino PENDIENTE excluido deliberadamente
redireccion,https://sably.co/ec/quito/curso-de-panaderia-artesanal-y-masa-madre/,2026-08-12 00:00:00,200,https://sably.co/ec/quito/curso-de-panaderia/,https://sably.co/ec/curso-de-panaderia/,False,Mantener redireccion permanente al destino preferido
redireccion,http://sably.co/contacto?curso=curso-de-manicure-y-pedicure,2026-08-11 00:00:00,200,https://sably.co/contacto/?curso=curso-de-manicure-y-pedicure,https://sably.co/contacto/,False,Mantener redireccion permanente al destino preferido
redireccion,https://sably.co/contacto?curso=curso-de-manicure-y-pedicure,2026-08-11 00:00:00,200,https://sably.co/contacto/?curso=curso-de-manicure-y-pedicure,https://sably.co/contacto/,False,Mantener redireccion permanente al destino preferido
redireccion,https://sably.co/cl/valparaiso/curso-de-marketing-digital-para-emprendedores/,2026-08-11 00:00:00,200,https://sably.co/cl/valparaiso/curso-de-marketing-digital/,https://sably.co/cl/curso-de-marketing-digital/,False,Mantener redireccion permanente al destino preferido
redireccion,https://sably.co/us/newyork/curso-de-cocina-desde-cero-a-profesional/,2026-08-11 00:00:00,200,https://sably.co/us/newyork/curso-de-cocina/,https://sably.co/us/curso-de-cocina/,False,Mantener redireccion permanente al destino preferido
redireccion,https://sably.co/cl/valparaiso/curso-de-reposteria-fina-y-postres-gourmet/,2026-08-11 00:00:00,200,https://sably.co/cl/valparaiso/curso-de-reposteria/,https://sably.co/cl/curso-de-reposteria/,False,Mantener redireccion permanente al destino preferido
redireccion,https://sably.co/co/cali/curso-de-soldadura-mig-tig-y-arco-electrico/,2026-08-11 00:00:00,200,https://sably.co/co/cali/curso-de-soldadura/,https://sably.co/co/curso-de-soldadura/,False,Mantener redireccion permanente al destino preferido
redireccion,https://sably.co/ar/buenosaires/curso-de-reposteria-fina-y-postres-gourmet/,2026-08-11 00:00:00,200,https://sably.co/ar/buenosaires/curso-de-reposteria/,https://sably.co/ar/curso-de-reposteria/,False,Mantener redireccion permanente al destino preferido
redireccion,https://sably.co/cl/concepcion/curso-de-cocina-desde-cero-a-profesional/,2026-08-11 00:00:00,200,https://sably.co/cl/concepcion/curso-de-cocina/,https://sably.co/cl/curso-de-cocina/,False,Mantener redireccion permanente al destino preferido
redireccion,https://sably.co/us/curso-de-soldadura-mig-tig-y-arco-electrico/,2026-08-11 00:00:00,200,https://sably.co/us/curso-de-soldadura/,https://sably.co/us/curso-de-soldadura/,False,Mantener redireccion permanente al destino preferido
redireccion,https://sably.co/cl/santiago/curso-de-reposteria-fina-y-postres-gourmet/,2026-08-11 00:00:00,200,https://sably.co/cl/santiago/curso-de-reposteria/,https://sably.co/cl/curso-de-reposteria/,False,Mantener redireccion permanente al destino preferido
redireccion,https://sably.co/co/cartagena/curso-de-cocina-desde-cero-a-profesional/,2026-08-11 00:00:00,200,https://sably.co/co/cartagena/curso-de-cocina/,https://sably.co/co/curso-de-cocina/,False,Mantener redireccion permanente al destino preferido
redireccion,https://sably.co/ec/curso-de-corte-y-confeccion-desde-cero/,2026-08-10 00:00:00,200,https://sably.co/ec/curso-de-corte-y-confeccion/,https://sably.co/ec/curso-de-corte-y-confeccion/,True,Mantener 301; destino PENDIENTE excluido deliberadamente
redireccion,https://sably.co/ec/curso-de-resina-epoxica-paso-a-paso/,2026-08-10 00:00:00,200,https://sably.co/ec/curso-de-resina-epoxica/,https://sably.co/ec/curso-de-resina-epoxica/,True,Mantener 301; destino PENDIENTE excluido deliberadamente
redireccion,https://sably.co/cl/curso-de-corte-y-confeccion-desde-cero/,2026-08-10 00:00:00,200,https://sably.co/cl/curso-de-corte-y-confeccion/,https://sably.co/cl/curso-de-corte-y-confeccion/,True,Mantener 301; destino PENDIENTE excluido deliberadamente
redireccion,https://sably.co/cl/curso-de-soldadura-mig-tig-y-arco-electrico/,2026-08-10 00:00:00,200,https://sably.co/cl/curso-de-soldadura/,https://sably.co/cl/curso-de-soldadura/,False,Mantener redireccion permanente al destino preferido
redireccion,https://sably.co/ec/guayaquil/curso-de-marketing-digital-para-emprendedores/,2026-08-10 00:00:00,200,https://sably.co/ec/guayaquil/curso-de-marketing-digital/,https://sably.co/ec/curso-de-marketing-digital/,False,Mantener redireccion permanente al destino preferido
redireccion,https://sably.co/cl/santiago/curso-de-corte-y-confeccion-desde-cero/,2026-08-10 00:00:00,200,https://sably.co/cl/santiago/curso-de-corte-y-confeccion/,https://sably.co/cl/curso-de-corte-y-confeccion/,True,Mantener 301; destino PENDIENTE excluido deliberadamente
redireccion,https://sably.co/cl/concepcion/curso-de-reposteria-fina-y-postres-gourmet/,2026-08-10 00:00:00,200,https://sably.co/cl/concepcion/curso-de-reposteria/,https://sably.co/cl/curso-de-reposteria/,False,Mantener redireccion permanente al destino preferido
redireccion,http://sably.co/contacto,2026-08-10 00:00:00,200,https://sably.co/contacto/,https://sably.co/contacto/,False,Mantener redireccion permanente al destino preferido
redireccion,https://sably.co/contacto?curso=curso-de-peinados,2026-08-10 00:00:00,200,https://sably.co/contacto/?curso=curso-de-peinados,https://sably.co/contacto/,False,Mantener redireccion permanente al destino preferido
redireccion,https://sably.co/co/cali/curso-de-aire-acondicionado-y-refrigeracion/,2026-08-10 00:00:00,200,https://sably.co/co/cali/curso-de-aire-acondicionado/,https://sably.co/co/curso-de-aire-acondicionado/,True,Mantener 301; destino PENDIENTE excluido deliberadamente
redireccion,https://sably.co/cl/santiago/curso-de-resina-epoxica-paso-a-paso/,2026-08-10 00:00:00,200,https://sably.co/cl/santiago/curso-de-resina-epoxica/,https://sably.co/cl/curso-de-resina-epoxica/,True,Mantener 301; destino PENDIENTE excluido deliberadamente
redireccion,https://sably.co/ec/guayaquil/curso-de-soldadura-mig-tig-y-arco-electrico/,2026-08-10 00:00:00,200,https://sably.co/ec/guayaquil/curso-de-soldadura/,https://sably.co/ec/curso-de-soldadura/,False,Mantener redireccion permanente al destino preferido
redireccion,https://sably.co/ar/rosario/curso-de-mecanica-de-motos-desde-cero/,2026-08-10 00:00:00,200,https://sably.co/ar/rosario/curso-de-mecanica-de-motos/,https://sably.co/ar/curso-de-mecanica-de-motos/,False,Mantener redireccion permanente al destino preferido
redireccion,https://sably.co/cl/concepcion/curso-de-corte-y-confeccion-desde-cero/,2026-08-10 00:00:00,200,https://sably.co/cl/concepcion/curso-de-corte-y-confeccion/,https://sably.co/cl/curso-de-corte-y-confeccion/,True,Mantener 301; destino PENDIENTE excluido deliberadamente
redireccion,https://sably.co/cl/concepcion/curso-de-marketing-digital-para-emprendedores/,2026-08-10 00:00:00,200,https://sably.co/cl/concepcion/curso-de-marketing-digital/,https://sably.co/cl/curso-de-marketing-digital/,False,Mantener redireccion permanente al destino preferido
redireccion,https://sably.co/cl/valparaiso/curso-de-corte-y-confeccion-desde-cero/,2026-08-10 00:00:00,200,https://sably.co/cl/valparaiso/curso-de-corte-y-confeccion/,https://sably.co/cl/curso-de-corte-y-confeccion/,True,Mantener 301; destino PENDIENTE excluido deliberadamente
redireccion,https://sably.co/ec/cuenca/curso-de-cocina-desde-cero-a-profesional/,2026-08-10 00:00:00,200,https://sably.co/ec/cuenca/curso-de-cocina/,https://sably.co/ec/curso-de-cocina/,False,Mantener redireccion permanente al destino preferido
redireccion,https://sably.co/ec/quito/curso-de-reposteria-fina-y-postres-gourmet/,2026-08-10 00:00:00,200,https://sably.co/ec/quito/curso-de-reposteria/,https://sably.co/ec/curso-de-reposteria/,False,Mantener redireccion permanente al destino preferido
redireccion,https://sably.co/pe/lima/curso-de-soldadura-mig-tig-y-arco-electrico/,2026-08-10 00:00:00,200,https://sably.co/pe/lima/curso-de-soldadura/,https://sably.co/pe/curso-de-soldadura/,False,Mantener redireccion permanente al destino preferido
redireccion,https://sably.co/cl/concepcion/curso-de-mecanica-de-motos-desde-cero/,2026-08-10 00:00:00,200,https://sably.co/cl/concepcion/curso-de-mecanica-de-motos/,https://sably.co/cl/curso-de-mecanica-de-motos/,False,Mantener redireccion permanente al destino preferido
redireccion,https://sably.co/cl/valparaiso/curso-de-cocina-desde-cero-a-profesional/,2026-08-10 00:00:00,200,https://sably.co/cl/valparaiso/curso-de-cocina/,https://sably.co/cl/curso-de-cocina/,False,Mantener redireccion permanente al destino preferido
redireccion,https://sably.co/ec/curso-de-mecanica-de-motos-desde-cero/,2026-08-10 00:00:00,200,https://sably.co/ec/curso-de-mecanica-de-motos/,https://sably.co/ec/curso-de-mecanica-de-motos/,False,Mantener redireccion permanente al destino preferido
redireccion,https://sably.co/cl/santiago/curso-de-aire-acondicionado-y-refrigeracion/,2026-08-10 00:00:00,200,https://sably.co/cl/santiago/curso-de-aire-acondicionado/,https://sably.co/cl/curso-de-aire-acondicionado/,True,Mantener 301; destino PENDIENTE excluido deliberadamente
redireccion,https://sably.co/pe/lima/curso-de-marketing-digital-para-emprendedores/,2026-08-10 00:00:00,200,https://sably.co/pe/lima/curso-de-marketing-digital/,https://sably.co/pe/curso-de-marketing-digital/,False,Mantener redireccion permanente al destino preferido
redireccion,http://sably.co/contacto?curso=curso-de-maquillaje-profesional,2026-08-10 00:00:00,200,https://sably.co/contacto/?curso=curso-de-maquillaje-profesional,https://sably.co/contacto/,False,Mantener redireccion permanente al destino preferido
redireccion,https://sably.co/contacto?curso=curso-de-maquillaje-profesional,2026-08-10 00:00:00,200,https://sably.co/contacto/?curso=curso-de-maquillaje-profesional,https://sably.co/contacto/,False,Mantener redireccion permanente al destino preferido
redireccion,https://sably.co/cl/santiago/curso-de-cocina-desde-cero-a-profesional/,2026-08-09 00:00:00,200,https://sably.co/cl/santiago/curso-de-cocina/,https://sably.co/cl/curso-de-cocina/,False,Mantener redireccion permanente al destino preferido
redireccion,https://sably.co/cl/curso-de-cocina-desde-cero-a-profesional/,2026-08-08 00:00:00,200,https://sably.co/cl/curso-de-cocina/,https://sably.co/cl/curso-de-cocina/,False,Mantener redireccion permanente al destino preferido
redireccion,https://sably.co/cl/curso-de-marketing-digital-para-emprendedores/,2026-08-08 00:00:00,200,https://sably.co/cl/curso-de-marketing-digital/,https://sably.co/cl/curso-de-marketing-digital/,False,Mantener redireccion permanente al destino preferido
redireccion,https://sably.co/cl/valparaiso/curso-de-resina-epoxica-paso-a-paso/,2026-08-08 00:00:00,200,https://sably.co/cl/valparaiso/curso-de-resina-epoxica/,https://sably.co/cl/curso-de-resina-epoxica/,True,Mantener 301; destino PENDIENTE excluido deliberadamente
redireccion,https://sably.co/ar/cordoba/curso-de-panaderia-artesanal-y-masa-madre/,2026-08-08 00:00:00,200,https://sably.co/ar/cordoba/curso-de-panaderia/,https://sably.co/ar/curso-de-panaderia/,False,Mantener redireccion permanente al destino preferido
redireccion,https://sably.co/ar/mendoza/curso-de-panaderia-artesanal-y-masa-madre/,2026-08-08 00:00:00,200,https://sably.co/ar/mendoza/curso-de-panaderia/,https://sably.co/ar/curso-de-panaderia/,False,Mantener redireccion permanente al destino preferido
redireccion,https://sably.co/us/miami/curso-de-cocina-desde-cero-a-profesional/,2026-08-07 00:00:00,200,https://sably.co/us/miami/curso-de-cocina/,https://sably.co/us/curso-de-cocina/,False,Mantener redireccion permanente al destino preferido
redireccion,https://sably.co/us/losangeles/curso-de-cocina-desde-cero-a-profesional/,2026-08-07 00:00:00,200,https://sably.co/us/losangeles/curso-de-cocina/,https://sably.co/us/curso-de-cocina/,False,Mantener redireccion permanente al destino preferido
redireccion,https://sably.co/ar/curso-de-aire-acondicionado-y-refrigeracion/,2026-08-07 00:00:00,200,https://sably.co/ar/curso-de-aire-acondicionado/,https://sably.co/ar/curso-de-aire-acondicionado/,True,Mantener 301; destino PENDIENTE excluido deliberadamente
redireccion,https://sably.co/ar/cordoba/curso-de-mecanica-de-motos-desde-cero/,2026-08-07 00:00:00,200,https://sably.co/ar/cordoba/curso-de-mecanica-de-motos/,https://sably.co/ar/curso-de-mecanica-de-motos/,False,Mantener redireccion permanente al destino preferido
redireccion,https://sably.co/ar/curso-de-cocina-desde-cero-a-profesional/,2026-08-07 00:00:00,200,https://sably.co/ar/curso-de-cocina/,https://sably.co/ar/curso-de-cocina/,False,Mantener redireccion permanente al destino preferido
redireccion,https://sably.co/mx/curso-de-marketing-digital-para-emprendedores/,2026-08-07 00:00:00,200,https://sably.co/mx/curso-de-marketing-digital/,https://sably.co/mx/curso-de-marketing-digital/,False,Mantener redireccion permanente al destino preferido
redireccion,https://sably.co/cl/santiago/curso-de-soldadura-mig-tig-y-arco-electrico/,2026-08-07 00:00:00,200,https://sably.co/cl/santiago/curso-de-soldadura/,https://sably.co/cl/curso-de-soldadura/,False,Mantener redireccion permanente al destino preferido
redireccion,https://sably.co/us/chicago/curso-de-marketing-digital-para-emprendedores/,2026-08-07 00:00:00,200,https://sably.co/us/chicago/curso-de-marketing-digital/,https://sably.co/us/curso-de-marketing-digital/,False,Mantener redireccion permanente al destino preferido
redireccion,https://sably.co/co/curso-de-soldadura-mig-tig-y-arco-electrico/,2026-08-07 00:00:00,200,https://sably.co/co/curso-de-soldadura/,https://sably.co/co/curso-de-soldadura/,False,Mantener redireccion permanente al destino preferido
redireccion,https://sably.co/ar/curso-de-mecanica-de-motos-desde-cero/,2026-08-07 00:00:00,200,https://sably.co/ar/curso-de-mecanica-de-motos/,https://sably.co/ar/curso-de-mecanica-de-motos/,False,Mantener redireccion permanente al destino preferido
redireccion,http://sably.co/legal/privacidad/,2026-08-07 00:00:00,200,https://sably.co/legal/privacidad/,https://sably.co/legal/privacidad/,False,Mantener redireccion permanente al destino preferido
redireccion,http://sably.co/legal/terminos/,2026-08-07 00:00:00,200,https://sably.co/legal/terminos/,https://sably.co/legal/terminos/,False,Mantener redireccion permanente al destino preferido
redireccion,https://sably.co/us/chicago/curso-de-cocina-desde-cero-a-profesional/,2026-08-07 00:00:00,200,https://sably.co/us/chicago/curso-de-cocina/,https://sably.co/us/curso-de-cocina/,False,Mantener redireccion permanente al destino preferido
redireccion,https://sably.co/cl/concepcion/curso-de-soldadura-mig-tig-y-arco-electrico/,2026-08-06 00:00:00,200,https://sably.co/cl/concepcion/curso-de-soldadura/,https://sably.co/cl/curso-de-soldadura/,False,Mantener redireccion permanente al destino preferido
redireccion,https://sably.co/cl/concepcion/curso-de-resina-epoxica-paso-a-paso/,2026-08-06 00:00:00,200,https://sably.co/cl/concepcion/curso-de-resina-epoxica/,https://sably.co/cl/curso-de-resina-epoxica/,True,Mantener 301; destino PENDIENTE excluido deliberadamente
redireccion,https://sably.co/cl/valparaiso/curso-de-soldadura-mig-tig-y-arco-electrico/,2026-08-06 00:00:00,200,https://sably.co/cl/valparaiso/curso-de-soldadura/,https://sably.co/cl/curso-de-soldadura/,False,Mantener redireccion permanente al destino preferido
redireccion,https://sably.co/co/cali/curso-de-resina-epoxica-paso-a-paso/,2026-08-06 00:00:00,200,https://sably.co/co/cali/curso-de-resina-epoxica/,https://sably.co/co/curso-de-resina-epoxica/,True,Mantener 301; destino PENDIENTE excluido deliberadamente
redireccion,https://sably.co/ar/cordoba/curso-de-resina-epoxica-paso-a-paso/,2026-08-06 00:00:00,200,https://sably.co/ar/cordoba/curso-de-resina-epoxica/,https://sably.co/ar/curso-de-resina-epoxica/,True,Mantener 301; destino PENDIENTE excluido deliberadamente
redireccion,https://sably.co/cursos/curso-de-unas-semipermanentes,2026-08-05 00:00:00,200,https://sably.co/co/curso-de-unas/,https://sably.co/co/curso-de-unas/,False,Mantener redireccion permanente al destino preferido
redireccion,https://sably.co/legal/cookies,2026-08-04 00:00:00,200,https://sably.co/legal/privacidad/,https://sably.co/legal/privacidad/,False,Mantener redireccion permanente al destino preferido
redireccion,http://sably.co/cursos/curso-de-maquillaje-profesional,2026-08-04 00:00:00,200,https://sably.co/co/curso-de-maquillaje/,https://sably.co/co/curso-de-maquillaje/,False,Mantener redireccion permanente al destino preferido
