0	🔥 APRENDER A VENDER PRODUCTOS DIGITALES.
1	🔥 APRENDER A CREAR TU PRODUCTO DIGITALES...
2	🔥 (NUEVO) - ESTRATEGIAS DE CIERRES DE VENTAS.
3	💥 PRODUCTOS PREMIUM (NUEVOS PRODUCTOS).
4	🎯 BELLEZA Y ESTÉTICA...
5	🎯 MENTALIDAD, CONCIENCIA, ESPIRITUALIDAD...
6	🎯 MANUALIDADES Y DECORACIÓN...
7	🎯 CULINARIA Y GASTRONOMÍA...
8	🎯 MANTENIMIENTO Y REPARACIÓN...
9	🎯 DESARROLLO PERSONAL Y ESPIRITUALIDAD...
10	🎯 MASCOTAS (PERROS, GATOS Y OTROS ANIMALES)
11	🎯 EMPRENDIMIENTO Y OPORTUNIDADES DE TRABAJO
12	🎯 IDIOMAS...
13	🎯 NEGOCIOS, MARKETING Y FINANZAS...
14	🎯 RELACIONES, FAMILIA, PADRES E HIJOS...
15	🎯 RELACIONES Y SEXUALIDAD...
16	🎯 SALUD Y DEPORTES...
17	🎯 ENTRETENIMIENTO Y HOBBIES...
18	🎯 MODA Y COSTURA...
19	🎯 CURSOS EN AUDIO Y OTRAS CATEGORÍAS...
