3|BeZRwMVrew|1142C90931053|💥 Canva para el Éxito en el Marketing
3|BeZDyzdlOw|7086C92544838|💥 Cómo Atraer una Buena Pareja Luego de un Amor TÓXICO
3|37dGaPxMeL|5438C81755387|💥 Cómo Utilizar la IA para Investigar y Entender tu Mercado
3|94JGz0ajeg|3986C92871537|💥 Conéctate con la Guitarra
3|EOgE3MQEe6|0041C92782016|💥 Conviértete en creador UGC
3|x7WknGy272|2892C62278244|💥 Copycash: Escritura Persuasiva para Anuncios y Páginas que Facturan
3|k7QN5BozOy|3042C62279200|💥 Copycash: Guiones Persuasivos para Videos, Audios y Blogs
3|E4zd0zgw7l|3645C23474772|💥 Copywriting: Mensajes que Venden
3|gOpKb6on7J|5611C92853579|💥 Crea, Canta y Toca tu Primera Canción
3|Me1Z2YxJ7Y|8203C91451760|💥 Crianza Respetuosa de 2 a 5 Años Acompañando las Crisis de tu Peque
3|97BA69PRep|3748C91857481|💥 Crochet para el Bienestar: Teje, Relájate y Emprende
3|V73lv39QO3|0105C79383055|💥 Cuidados del Bebé Recién Nacido para Padres Primerizos
3|gOpK2Bj97J|5572C92673395|💥 Curso: Vender No es un Arte
3|a4RJ0wgr4n|8307D87714809|💥 De la Ilusión al Amor de Pareja Constructivo: 3 Obstáculos a Superar
3|M7GGlobN7w|6746D92543926|💥 De la Traición al Amor Verdadero - Cómo Superar una Infidelidad
3|2OMDVWE176|0659D89451186|💥 Del Fracaso al Éxito con El Método P.R.O.M.E.S.A
3|M7GGdZAa7w|5341D93000852|💥 Diseña y Comercializa Productos Digitales
3|37dYdKvBOL|2159D93208629|💥 Duerme Mejor, Vive Mejor y Supera el Insomnio
3|k7QW1Q1J4y|9056E88057441|💥 El Arte del Buen Beber
3|y4bMZWjjOR|3668E93809328|💥 El Arte del Maquillaje como Negocio
3|94JBgVGk4g|4343E88336978|💥 El Rentable Negocio de la Sublimación de Camisetas
3|V7yJlYAmOJ|9669F88767122|💥 Finanzas Claras - Parejas Felices
3|NOw0DEg14m|8285F90114573|💥 Finanzas Personales e Inversiones para Millenials
3|b4KvPwr8OX|7056F87451021|💥 Fotografía Digital con Teléfono Celular
3|Z725RVnQeN|8447G92651871|💥 GASTROSMART- Elimina la Gastritis de tu Vida
3|oODXWAjvOP|0331G93107977|💥 Géneros, Ritmos y Acompañamientos para Guitarra
3|64ldvbdX4j|4416H37082612|💥 Habla con Poder
3|3eaMvYEBeg|0643H88847610|💥 Hipnosis para Sanar la Ansiedad y el Dolor Físico
3|YOmE9gbdOd|3424I92201485|💥 IBX de Cero a Experto Introducer Broker
3|14659r9POd|8263J88470878|💥 Jabones de Glicerina Decorativos
3|BeZRmqglew|1458L90005240|💥 La Magia del Lettering para Niños
3|YOmyZWW6Od|0145L90531509|💥 LIDERANDO-ME: ¡Desata tu Potencial para un Verdadero Éxito!
3|M7qKdplj4x|0006L92842564|💥 Los 7 Hábitos Poderosos para el Éxito
3|K4kWAN5k4Y|1345M93050089|💥 Madre Emprendedora - Vence la Procrastinación
3|a4RJWg3r4n|4651M85430140|💥 Maestro del As Domina los Secretos del Poker
3|BeZR9M5Xew|8606M87715701|💥 Mamá: 4 Claves para Retornar a tus Metas Profesionales
3|97BnX2327p|7408M91228710|💥 Maquillaje para Video y Fotografía Xpert
3|64lKE90MOj|9735M86782010|💥 Masoterapia Masajes para el Rendimiento y Recuperación Deportiva
3|b4KGolgJ4X|0239M93233009|💥 Mentalidad de Abundancia: Del Estrés y la Ansiedad a la Plenitud
3|97BngznP7p|0858M86586949|💥 Mentalidad de Exito para Aceptar los Cambios para Prejubilados
3|146299VQ4d|8662M92776376|💥 Método Energy Reset - Mamás Vitales
3|97BA2EpJep|9645M92427175|💥 MINDFULNESS- Entrenamiento Mental para Campeones
3|2OMDRXrk76|4366M91250852|💥 Mujer Millonaria y Espiritual - Alcanza tus Objetivos Financieros
3|2OMGlNQye6|1402M91614951|💥 Mujeres Power (Músculos después de los 50)
3|x7WjokVge2|5440O88706853|💥 Organiza tus Finanzas para Divorciadas
3|r48mzp90eR|8820P91603350|💥 Pastelería Temática y Creativa
3|BOn90PGp7R|5232P84528291|💥 Planeación Estratégica para Pymes
3|0Ov0WYpdej|8714P87829546|💥 Potencia tus Ventas en 90 Días
3|k7QGlNKJ4y|5065R91693696|💥 Radiestesia del Alma con Lectura del Péndulo
3|a4RJqG834n|7410R88279725|💥 Reparación y Mantenimiento de Neveras
3|oODvxBExeP|2475R88600538|💥 Reto 21 Días ¡Ahorra Más Sin Ganar Más
3|64lPPga34j|8404R92489403|💥 Rompe con la Escasez 10 Pasos Probados para Atraer Dinero
3|y4blVAMA7R|1448S87534788|💥 Sanación con Pendulo Angelical
3|r48m6APZeR|9652S88622568|💥 Sé el Mejor en Trading
3|94JBln2j4g|7208S88278725|💥 Sexualidad en Adolescentes: Guía para Padres
3|K4kYEQqy7Y|0493S89333396|💥 Shopify Master - El Rentable Negocio de las Tiendas Virtuales
3|a4RjDMYD4n|6050S92512294|💥 SUSHI BUSINNES: Aprende y Emprende
3|94JBdE904g|6946T87708079|💥 Trabaja como Barista
3|NOw0obV94m|6313T87089569|💥 Trading desde cero, invierte y gana dinero...
3|64lK618XOj|1354V89786300|💥 Velas Artesanales Decorativas Ecofriendly para Negocio
3|k7QWLK9q4y|3827V91284643|💥 Velomancia como Negocio para Activar la Energía de la Abundancia
3|YOmELoZXOd|7332V93613183|💥 Visa USA Agente Xpert
3|37dY6PlkOL|8146V93921384|💥 Vuelve a Brillar- El Método para Salir de la Depresión
3|3eaM9vmkeg|6676W78674761|💥 Workshops Efectivos para Vender tu Conocimiento
4|oODRJB2meP|8940A42049616|⚫ Adelgaza sin Salir de Casa
4|oODRJKKbeP|7954A63130914|⚫ Aprende Barbería y Monta tu Negocio
4|x7WjPxwGe2|9029A69227779|⚫ Aprende y Emprende con Limpieza Facial Profunda con Aparatología
4|EOgWBXMgO6|8101A65507290|⚫ Aprende y Emprende tu Spa con Maderoterapia
4|gOpw3qDL7J|9910A42624380|⚫ AutoMaquillaje
4|y4PK8bQLOx|7806A53527778|⚫ Automaquillaje Fácil
4|RO9jJAlY4P|8292A59401118|⚫ Automaquillaje Master
4|NOwrja0A7m|7186B63192909|⚫ Barbería Artística Paso a Paso
4|R4jYQ8VVOa|5834B43636002|⚫ Barber Shop Basics
4|b4KPAYJweX|8023B63857725|⚫ Barbero Empresario, Cómo Montar Tu Propia Barbería
4|PeAzdlq37W|5814B72955980|⚫ Bronceado Instantáneo sin Sol
4|0Ov0WP5dej|1765C80431848|⚫ Cabello Sano y Prevención Caída Para Mujeres...
4|b4KPD0wKeX|1353C63093196|⚫ Cavitación 5 en 1 como Negocio
4|y4byzndLOR|3871C61560606|⚫ Cejas 3D Mirada Perfecta
4|PeAGbXJJOW|4087C80707366|⚫ Cejas Magnéticas, Negocio Irresistible
4|NOwrjqyA7m|2011C45079367|⚫ Cejas Perfectas con Microblading
4|o4EDkA89Oz|3943C42487398|⚫ Cejas y Pestañas Pelo a Pelo
4|Me1EkMqjeY|4461C48026778|⚫ Colorimetría Para Estilistas Principiantes
4|RONrDklPOP|7752C71930618|⚫ Combate las Várices
4|ROxnX6W0eD|2939C15014540|⚫ Cosmética Como Oportunidad De Negocio y Trabajo
4|RONabo6z7P|0270C58702991|⚫ Cuidado del Cabello Afro
4|oODRk6lNeP|8362C75289851|⚫ Cuidado Facial con Dermapen
4|m7YkNZlp46|9274C43488851|⚫ Curso de Diseño y Perfilado de Cejas
4|PeAzdrxD7W|9632D71899279|⚫ De Cero a Experto en Estética Integral
4|NOwrjWQA7m|1836D58716058|⚫ Decoración de Uñas como Negocio
4|YOmj8zpx4d|9201D71461851|⚫ Diseña Cejas Perfectas con el Método Flash Design
4|kOXk2bKo7W|9121D79480248|⚫ Diseñadora de Miradas como Negocio en 21 Días
4|64ldxWDM4j|6802D61897340|⚫ Diseño de Cejas con Hilo y Henna, como Negocio en Casa o a Domicilio
4|64ldxWl24j|6862D61176070|⚫ Drenaje Facial Pro
4|M7GQkEDN4w|1557E65023225|⚫ El Arte de Diseñar Cejas, como Negocio
4|37dy3gBPOL|3765E78417656|⚫ El Arte de Diseñar Pestañas como Negocio
4|o4EDkljgOz|3772E64481327|⚫ El Arte de las Uñas Acrílicas
4|k45EkDVx4l|5307E66385361|⚫ El Negocio de los Peinados a Domicilio
4|NOwrj3Ea7m|1561E63988398|⚫ El Rentable Negocio de la Depilación con Hilo
4|97BnvNBP7p|8940E69842822|⚫ En la Silla Mágica Barber Kids
4|z7rk3A9qOj|2872E43302191|⚫ Especialista en Uñas
4|M7GQJG9V4w|5322E57590037|⚫ Estilismo Master para Novias
4|RO9jk33g4P|5916E60494285|⚫ Estilista a Domicilio
4|r48jklZ37R|3212E37165510|⚫ Estilista Express
4|V73okQl373|9295E63751974|⚫ Estilista Premium
4|94JBVJRo4g|5516E91256963|⚫ Experta en Alisados y Keratinas Orgánicas
4|b4KPDzlJeX|4911E62294192|⚫ Experta en Balayage Rubio Platinado
4|37dGXvKdeL|5450E66724442|⚫ Experta en el Negocio de la Depilación Especializada
4|V73okQvr73|7866E60509155|⚫ Experta en Extensiones de Cabello
4|ROxnXJvJeD|1955E75458390|⚫ Experta en Extensiones de Pestañas
4|97BBkNgA7p|9903E48797694|⚫ Experta en Trenzas y Peinados
4|y4byzxVjOR|0911F70779302|⚫ Fibroblast Lifting sin Cirugía como Negocio
4|2OMrQp8x46|1713L49680293|⚫ Labios Provocativos con BB LIPS
4|LO0lkRb9OG|0808L65394438|⚫ Limpieza Facial Profunda
4|y4PK85gxOx|4764M67195611|⚫ Maderoterapia Avanzada Expert
4|EOgWR1LVO6|4496M54499847|⚫ Maderoterapia Xpert
4|2OMrQAE146|1824M60343367|⚫ Manicure y Pedicure como Negocio a Domicilio
4|z7rk3jmKOj|3978M40211119|⚫ Manicurista Profesional® Premium.
4|2OMDLjYr76|9007M42346493|⚫ Maquillaje Artistico
4|Me1EkmjweY|3542M60358366|⚫ Maquillaje de Fantasía como Negocio para Eventos
4|97Bn6QxG7p|5757M41302790|⚫ Maquillaje de Heridas para Disfraces
4|gOpdPmQVOJ|4662M37899512|⚫ Maquillaje Fx
4|r48mWbKDeR|8511M42100528|⚫ Maquillaje para Disfraces
4|k7QWgDx24y|3525M82765862|⚫ Maquillaje para Impactar en el Trabajo
4|meLpaA1zen|6112M49490863|⚫ Maquillaje para Seducir
4|BeZnZDNrew|7374M77944081|⚫ Maquillaje para Sesiones de Fotos de Maternidad
4|k7QNqrorOy|4730M44578804|⚫ Maquillaje Permanente
4|k7QNVG1zOy|4243M61997348|⚫ Maquillaje Pro - para Redes Sociales
4|94JdRpEj7g|6433M63186602|⚫ Maquillaje Profesional para Novias
4|Me1EkmrXeY|8658M41531673|⚫ Maquillaje Social
4|r48jkpJv7R|5873M59922423|⚫ Masaje Descontracturante como Negocio
4|NOwrjmVa7m|0105M56745015|⚫ Masaje Moldeador Pro
4|BOnjqbPkOR|7092M46337912|⚫ Masajista Expert
4|Me1EkKwpeY|8398M43483594|⚫ Masajista Express
4|94JdRo2d7g|2518M63104295|⚫ Masajista Master desde Cero
4|r48jkKq37R|4032M59904962|⚫ Método Curly Girl Rizos Libres y Felices
4|V4VkbVj2e2|7820N78278937|⚫ Natural Skin Care
4|BOnjmGPqOR|8323P72428902|⚫ Pestañas Pelo A Pelo Volumen Ruso.
4|b4KPDoBKeX|3520P41973265|⚫ Pedicurista Premium
4|R4jYQx92Oa|4809P42777872|⚫ Pestañas Premium
4|V7yJEbYoOJ|2957P42823108|⚫ Piel Joven con BBGlow
4|0OvwNX9V4j|6178P47964346|⚫ Piel Radiante con BBGLOW
4|y4byz6B5OR|1324R59090003|⚫ Rejuvenecimiento Facial Holístico
4|M7GQkraP4w|1179R60073167|⚫ Restaura tu Cabello Después de la Enfermedad
4|PeAzdVRD7W|8227R60211445|⚫ Restauración de Estrías con Micropuntura
4|oODRkrn6eP|8294R58137895|⚫ Rubios y Platinados Master
4|M7qo1RRn4x|7892S47144491|⚫ Secretos de un Buen Automaquillaje
4|BOn96DE57R|8481S63458192|⚫ Stop Celulitis con Dermapen
4|z7rk3DMxOj|1083T50322247|⚫ Tintes Master
4|K4k9VyDV7Y|4907T60541839|⚫ Tintes Rojos para Mujeres Sensuales
4|0OvwNxbB4j|9067T41737769|⚫ Trenzas y Peinados
4|oODRk3YweP|2783U54173530|⚫ Uñas Personalizadas – Press on Nails
4|0OvwNxR64j|5669Y55505296|⚫ Yoga Facial con Aromaterapia
5|x7Wk1A8Q72|6490D76806215|🔘 Manifiesta el dinero y la abundancia sanando emocionalmente...
5|b4Kv03R8OX|3410F86444248|🔘 Inmersión CIMA
5|0Ov06AWxej|7456A79468473|🔘 Aprende a Meditar y Sana tu Amor Propio
5|gOpdY6DnOJ|4892972721627|🔘 9 Pasos Efectivos de Crecimiento Espiritual
5|BeZRYBqRew|0390L63412233|🔘 Los 7 Chakras: Equilibra tu Energía
5|3eaMYxpneg|1226C71141281|🔘 Cristales para Sanar
5|y4PVGg2E7x|2832K64277246|🔘 Kundalini desde Cero
5|a4RJZzKN4n|0093281909724|🔘 21 Días para Sanar Mente y Cuerpo
5|ROxpE9lbOD|6357R68600699|🔘 Rompe las Creencias de tu Infancia que te Dominan
5|V73lgnx3O3|1372V81589803|🔘 Venciendo la Procrastinación
5|b4Kv0XjlOX|6419M62249982|🔘 Mindfulness para tu Bienestar
5|oODvD1ENeP|7185S62920871|🔘 Sana tus 5 Heridas de la Infancia
5|meLRqPAlOn|7911S70168622|🔘 Sana tu Niño Interior Herido
5|a4RJZzkx4n|8237A57493642|🔘 Ayurveda para el Autoconocimiento
5|37dG9MPBeL|9645N63754407|🔘 Neuro Programación de Hábitos
6|PeAGmZQXOW|0720A64920768|⚫ Accesorios en Alambrismo como Negocio
6|V73oEdz373|0443A76094931|⚫ Accesorios en Resina como Negocio desde Casa
6|97BBz8mP7p|4703A61295970|⚫ Animación de Fiestas como Negocio
6|3eaMwNZneg|1921A72407571|⚫ Aprende a Diseñar y Crear Papeleria Creativa para Fiestas
6|3ea50R0keg|2725A48637685|⚫ Aprende Mesas con Resina
6|64ldYnl94j|4783A62293359|⚫ Aprende Muñecos en Tela sin Maquinaria
6|2OMrxXzn46|8281A71171495|⚫ Aprende y Emprende con el Arte del Puntillismo
6|o4ERd3pZez|7086A73613263|⚫ Aprende y Emprende en Foamy, Útiles Escolares para Niños
6|ROxnP0JbeD|1305A76280902|⚫ Aprende y Emprende Tejiendo Sandalias en Crochet
6|r48mnvlAeR|1198A42310627|⚫ Aretes y Accesorios
6|V7y5yABq7J|1668A44232744|⚫ Arreglos Florales para Eventos
6|V4Vk2wMve2|6750B79464426|⚫ Balloons Bouquet para Fechas Especiales
6|kOXkjdPX7W|6647B61586703|⚫ Bebé a la Moda con Crochet
6|y4PVrX017x|2905B70301766|⚫ Bisutería Fina con Porcelana Fría
6|R4jYVL6AOa|7204B56852257|⚫ Bouquet de Globos para Eventos y Fiestas
6|y4by5WW8OR|8472C62147942|⚫ Cajas de Corrugado Sorpresa como Negocio
6|YOmjqvAX4d|7264C74385740|⚫ Cajas y Flores Eternas como Oportunidad de Negocio
6|gOpw1aqb7J|0459C58467919|⚫ Celebraciones y Decoraciones con Globos como Negocio
6|LO0l8PMMOG|9191C47839470|⚫ Como Tejer Atrapasueños
6|3ea5ZGrkeg|5540C53584513|⚫ Confección de Ropa para Muñecas
6|37dyjyldOL|5973C29604596|⚫ Costura Premium
6|14oprBZYep|9440C71941064|⚫ Crea y Diseña Bolsos a Crochet
6|x7Wk1MGE72|3998C60535429|⚫ Crochet Bolsos Premium en Trapillo
6|V4VkELrve2|0965C61328857|⚫ Crochet como Negocio
6|y4by2ylkOR|0931C52923971|⚫ Cuadros con Resina Epóxica
6|3eaMPEzpeg|9768D56742852|⚫ Decoración de Fiestas como Negocio
6|RO95zYWMOP|1213D72157475|⚫ Decoración de Fiestas Práctico y Evaluativo
6|kOXkVkxd7W|1569D60017525|⚫ Decoración con Flores de Papel como Negocio
6|oODRNRWweP|9693D62444352|⚫ Decoración de Globos Burbuja
6|EOg6lN8Z76|2717D70300464|⚫ Decoración de Tazas con Porcelana Fría
6|oODRNv6beP|3798D56291581|⚫ Decoración de Tazas y Termos con Resina
6|Z72E9zwqeN|4834D60309557|⚫ Decoración en Duroport para Fiestas y Eventos
6|b4KPgvm8eX|2200D44551734|⚫ Decoración Navideña
6|o4EDjRNwOz|5554D60491477|⚫ Decoración Navideña Inolvidable en Porcelana Fría
6|2OMrzPLr46|7476D49406377|⚫ Desayuno Sorpresa como Negocio
6|Z72E9vj2eN|9384D57858689|⚫ Desayunos y Anchetas Sorpresa como Negocio
6|k7QN9RoxOy|7316D68127710|⚫ Detalles y Regalos con Globos como Negocio
6|k7QNVa6POy|3307D72319868|⚫ Diseña Carteras en Macramé para Emprender
6|y4PKQ5YLOx|9381D56806276|⚫ Diseño de Accesorios para Bodas
6|94Jd5AV07g|1644D52931315|⚫ Diseño de Letras, Anchetas y Desayunos Sorpresa
6|oODRNgaWeP|6068D74914064|⚫ Diseño y Creación de Jabones para Emprender
6|RO9jVq984P|8784D70921502|⚫ Diseño y Creación de Joyas en Resina
6|37dyj8XkOL|2202D42873400|⚫ Diseño y Decoración con Globos
6|64ldzwkb4j|0818D64090065|⚫ Diseño y Fabricación de Tazas con Cerámica
6|b4KPBzaweX|8499E50500578|⚫ Ecosistemas Verticales
6|RO9jVqWK4P|0324E76434466|⚫ El Arte de Crear con el Decoupage
6|b4KvEz8wOX|5259E61161739|⚫ El Arte de Crear con Vidrio
6|BOnjA005OR|8660E62089072|⚫ El Arte de la Pintura en Tela
6|14oprblZep|0695E60991926|⚫ El Arte del Reciclado Motolaton
6|y4by2VpkOR|7361E63904423|⚫ El Negocio de la Animación Infantil
6|kOXkVox57W|3129E70303264|⚫ El Negocio de la Bisutería Artesanal con Porcelana Fría
6|E4zdq8zP7l|8078E43744845|⚫ El Negocio de la Bisutería Fina
6|y4PKn92xOx|8399E60819283|⚫ El Negocio de La Porcelana Fría
6|97BBZgWA7p|8298E80824753|⚫ El Negocio de las Cajas Confeti Explosivas
6|oODRGPPQeP|2167E60648068|⚫ El Negocio de las Figuras con Porcelana Fría
6|Me1Envo3eY|9664E60384751|⚫ El Negocio de las Macetas Geométricas de Geodas
6|0OvwQLA54j|4854E66027562|⚫ El Negocio de los Estampados con Serigrafía
6|37dyj02dOL|7874E55805979|⚫ El Negocio de los Jabones Artesanales
6|k7QN9zZ2Oy|0221E70026261|⚫ El Negocio de los Jabones de Glicerina Naturales
6|M7qoBvG04x|7615E60205706|⚫ El Negocio de Los Regalos Sorpresa
6|BeZn3zW3ew|7326E61592125|⚫ El Negocio de Mesas con Resina Epóxica en Forma de Geodas
6|gOpw9BrP7J|5459E55503356|⚫ El Negocio del Macramé
6|M7qoBv1n4x|0883E61328298|⚫ El Negocio Del Trapillo Desde Cero
6|V73oBXy273|1425E65021756|⚫ Elaboración de Muebles como Negocio
6|z7rkvRKmOj|7283E54307670|⚫ Empaques de Regalos como Negocio
6|R4jkwPByea|1969F41704951|⚫ Fiestas Infantiles
6|64ldznvQ4j|6746F68605529|⚫ Flores de Globos
6|1463DN5Aed|2864F59042303|⚫ Flores de Seda con Chocolate
6|RO9jgB2K4P|1544F72110734|⚫ Flores Tejidas de Crochet
6|kOXkVEq17W|2568G44238879|⚫ Garnish Decoración con Frutas y Verduras
6|1463DN83ed|5655G47265396|⚫ GloboFlexia Figuras con Globos
6|0OvwQ3GN4j|3322G49159533|⚫ Globos para Fiestas y Eventos
6|BOnjALnZOR|9270H77958331|⚫ Hand Lettering Letras Bonitas para Todos
6|64ldzEVD4j|9027I60056854|⚫ Imurumis Personajes en Crochet como Negocio
6|z7rkvNxxOj|9384I71462810|⚫ Inicia tu Negocio de Acabados Artísticos en Paredes
6|o4EDj1JmOz|2879J65789086|⚫ Jabones Artesanales Naturales
6|BOn93dmk7R|8263J88470878|⚫ Jabones de Glicerina Decorativos
6|m7Ykbwn646|8468J59123121|⚫ Joyas y Accesorios con Imágenes
6|94JdkmRn7g|7359K48964447|⚫ Kokedamas Arreglos con Musgo
6|PeAGb8L8OW|0774L75826060|⚫ La Magia del Fondant para Emprender
6|b4KvqGRbOX|9209L39716977|⚫ Lettering
6|BOn91Vjp7R|5460L82692705|⚫ Llaveros Amigurumis, Negocio Novedoso
6|YOmjZ82l4d|0884M65395078|⚫ Macetas para Suculentas como Negocio
6|k45ER2BJ4l|9750M60061532|⚫ Macramé para Plantas y Kokedamas
6|k45ER2Ko4l|8556M65885896|⚫ Maestro Joyero - Joyas Que Venden
6|14oprG2Yep|6944M53920315|⚫ Mandalas para Niños
6|m7Ykx1bN46|7798M61185738|⚫ Manualidades con Rosmi, Temporada Navideña
6|V7y58mVP7J|6769M55163904|⚫ Manualidades en Foami
6|1463DpnQed|1241M71332057|⚫ Mesas que Inspiran
6|NOwrVNm97m|4849M61158273|⚫ Muñecos de Navidad Hechos en Casa
6|o4EDjowZOz|3319N73464959|⚫ Navidad Productiva con Porcelana Fría 2D y 3D
6|94Jd5oXn7g|2352O66218238|⚫ Origami Artístico
6|x7WkQEpE72|6386P62842267|⚫ Paisajes Naturales con Acrílico
6|a4RNBVlr4n|8216P60817731|⚫ Papelería Creativa como Negocio
6|E4zdqBDP7l|2280P63718301|⚫ Papelería Creativa Desde Cero
6|a4RNBV2R4n|3654P78362481|⚫ Personaliza Vinilos y Stickers con tu Silhouette Cameo
6|BeZn3bmWew|2092P60944740|⚫ Pintura Country Navideña como Negocio
6|r48jQrkE7R|6974P46250871|⚫ Pisos con Resina Epóxica
6|NOwrVPXY7m|8824P63460486|⚫ Plastilina Terapéutica para Niños
6|meLpKm0jen|6369R48397241|⚫ Ramos Frutales
6|M7qoBMaR4x|4341R62290218|⚫ Restauración de Muñecas
6|3ea53Bbpeg|1877S65026757|⚫ Safari Figuras en 3D con Flores para Negocio
6|x7WkQm0572|8205S61848058|⚫ Shampoos Naturales y Artesanales
6|k45ERp1R4l|2961S65342960|⚫ Sublimación de Tazas y Termos como Negocio
6|K4k9Karz7Y|2043T58973067|⚫ Tejido Ecológico y Decorativo como Negocio
6|ROxp6qWaOD|6923T62556044|⚫ Tocados de Flores en Porcelana Fría
6|PeAGbJJXOW|4246T56618961|⚫ Tu Marca de Joyería, Bisutería y Accesorios
6|oODRNJbxeP|8657T66252102|⚫ Tu Propio Negocio de Bisutería Artesanal
6|64ldzQBX4j|5269V54364787|⚫ Velas Artesanales como Negocio
7|M7Ga0XPL4w|0729A67628317|⚫ Alimentación Intuitiva
7|meLR0gKAOn|9752A42623304|⚫ Alimentación Saludable
7|k7QNXLqPOy|7103A43206936|⚫ Amantes del Asado
7|b4KvZ5DJOX|4588A65286316|⚫ Arequipe Artesanal como Oportunidad de Negocio
7|1463gDM3ed|7356A49404781|⚫ Asado Argentino
7|Me1ZM9da7Y|1107A48193729|⚫ Asado Master
7|k7QWbGwk4y|0976B37136332|⚫ Bartender
7|LO0ljKqAOG|8904B69226950|⚫ Bartender Internacional de Principiante a Avanzado
7|YOmy9EodOd|7204B54306849|⚫ Bartender Master
7|Z72EP6YJeN|3804C41341898|⚫ Candy Bar
7|EOgWJQZpO6|2380C58975451|⚫ Carnes Exquisitas
7|M7qomZAv4x|8746C50503840|⚫ Ceviche Peruano
7|RONr2mPYOP|9463C74354056|⚫ Charcutería Saludable en Casa como Negocio
7|b4KPBrGweX|5763C49486252|⚫ Chocolatería Master - ChocoArt Academy
7|o4EDNd59Oz|7002C48856342|⚫ Chocolates Irresistibles
7|97BBaJ1x7p|4702C54359951|⚫ Cocina Casera desde Cero
7|14opJgoJep|2733C63996817|⚫ Cocina Española: Paellas Perfectas
7|M7qom9ky4x|9405C49866543|⚫ Cocina Nikkei - Peruano Japonesa
7|0Ovwg2q84j|3978C53197798|⚫ Cocina Peruana, Ceviches y Mariscos
7|oODRVBrNeP|3863C72993542|⚫ Cocina Saludable de cero a Experto
7|V73oyyAD73|8067C45881706|⚫ Cocina Vegana
7|k45EvzYR4l|8416C75693795|⚫ Cocina Y Diviértete Como Un Chef
7|Me1ZM9qj7Y|3672C61217337|⚫ Coco Express
7|y4PKAk20Ox|6543C63187359|⚫ Coffee Experts
7|97BBDpoa7p|3471C67587776|⚫ Comida Mexicana para Diabéticos
7|97BBaJDG7p|7448C47597974|⚫ Cupcakes para Principiantes
7|3ea5DNpBeg|1088C61329753|⚫ Cupcakes Temáticos
7|z7rkPjJ0Oj|5780D61166177|⚫ Del Cacao al Chocolate
7|Me1EX0ojeY|1577D70037284|⚫ De Novato a Experto en Comidas Rápidas
7|37dGXJZMeL|2183D49246734|⚫ Dieta Fit
7|EOgEpvRPe6|8822D88473447|⚫ Domina el Flair Bartending desde Cero
7|0OvwgMEN4j|7958E60509759|⚫ Elaboración de 12 Leches Vegetales y Jugos Saludables
7|BOnj2R2oOR|7696E74558158|⚫ El Mundo de los Zumos y Batidos Verdes
7|z7rkL16xOj|2921E49153760|⚫ El Negocio de la Comida Hindú
7|r48j3Ayn7R|0200E44650878|⚫ El Negocio de la Pizza Casera
7|97BBazzL7p|8723E56800964|⚫ El Negocio de las Avenas y Lácteos
7|a4RJXzaK4n|1784E85671408|⚫ El Negocio de las Hamburguesas. Crea tu Marca y Vende Franquicias
7|NOwrKEG17m|8703E56462468|⚫ El Negocio de las Mermeladas
7|97BBaoAL7p|7175E68200272|⚫ El Negocio de los Cake Roll
7|2OMr3lkY46|4690E73221682|⚫ El Negocio de los Productos con Helado
7|oODRVoaweP|7604E61183981|⚫ El Negocio del Chocolate
7|BeZnA8Ppew|4252E73219101|⚫ El Negocio del Ramen a Domicilio
7|m7Yk0myp46|3167E55967811|⚫ Emprende Rentablemente con Masmelos Irresistibles
7|Z72EPJDqeN|9090E70562696|⚫ Estandarización y Especialización de Cocina Chifa
7|meLpbVBqen|1463F43938883|⚫ Fondant / Pastillaje: Pastelería Artística
7|r48jkrZv7R|6810F44159054|⚫ Fresas Artísticas con Chocolate
7|NOwrvwl27m|9843G81864550|⚫ Galletas Artesanales para Negocio desde 0
7|y4PKQal0Ox|3365G43358725|⚫ Gelatinas Florales 3D
7|14opNQPMep|2481H60288995|⚫ Helados Saludables Master
7|BOnj2M3gOR|0015H50417324|⚫ Hamburguesas Master
7|kOXkJY8X7W|7065H61449472|⚫ Hamburguesas Vegetarianas Premium
7|97BBaDDJ7p|6713L74111455|⚫ Las Arepas como Oportunidad de Negocio
7|94Jd11wj7g|2352L61676213|⚫ Leches Vegetales como Negocio en Casa y/o a Domicilio
7|r48jaw6w7R|5094L59841947|⚫ Leches Vegetales Saludables en Casa
7|V4VkgDqEe2|3727L51353398|⚫ Loncheras Saludables Escolares
7|o4EDNa1wOz|8878L62726924|⚫ Los Irresistibles Chocolates Caseros
7|94Jd1D1d7g|1291L63479103|⚫ Lúcete en tu Cena Navideña y de Año Nuevo
7|m7Yk00jA46|7958M60208403|⚫ Maxigalletas como Oportunidad de Negocio
7|a4RN98R14n|5501M55223695|⚫ Menú Consciente y Saludable
7|r48jaWE07R|4842M65732412|⚫ Menú Saludable para Reuniones
7|z7rkpZW0Oj|6149M61169116|⚫ Método Batch Cooking
7|3eaMPJnweg|8392N61849595|⚫ Nutrición Saludable para Niños y Adolescentes
7|o4EDxobYOz|6001P53138137|⚫ Panadería Artesanal Ítalo Argentina
7|94Jd15d07g|1685P57693922|⚫ Panadería desde Casa
7|a4RNP1EN4n|0369P70027356|⚫ Panadero en Casa
7|oODRVxNWeP|9284P60058423|⚫ Pastelería Divertida y Creativa para Niños
7|oODR2arNeP|2816P53263861|⚫ Pastelería Fina Hecha en Casa
7|o4EDxJZmOz|6466P43862772|⚫ Pastelería Temática como Negocio
7|V7y53b9k7J|3698P60359441|⚫ Pastelería y Repostería como Negocio
7|97BBap5q7p|8744P62089646|⚫ Pastelería y Repostería Saludable
7|r48j3QwZ7R|3397P55969532|⚫ Pizza Artesanal
7|0Ovwg1554j|9338P47384672|⚫ Pizza Master
7|M7qoX5bW4x|4862P62001167|⚫ Postres Fit (Pecado Saludable)
7|0Ovwgj5V4j|0673P46607108|⚫ Postres Irresistibles
7|37dyVNa6OL|6549P55083922|⚫ Postres Lucrativos
7|BOnjJ10JOR|3702P37964857|⚫ Postres para Negocio
7|M7GQqoa54w|7227P47896102|⚫ Postres Saludables
7|K4k9LxAy7Y|6704Q47970616|⚫ Quesos Veganos
7|Me1E1KYWeY|7879R79420552|⚫ Recetas Caseras Colombianas para No CHEFs
7|k7QNXLvnOy|4572R56621002|⚫ Recetas Fáciles y Saludables
7|Me1E9WGjeY|2981R73954375|⚫ Recetas Irresistibles Para Niños Sin Apetito
7|BOnjGEkYOR|6538R68602818|⚫ Repostería Creativa en 3D como Negocio
7|3ea56vjmeg|6410R45028938|⚫ Repostería Navideña con Mazapán
7|64ldb3nE4j|3426S43895744|⚫ Sensei del Sushi
7|NOwrK5qK7m|8401S56459908|⚫ Smoothies Saludables
7|gOpwJPGL7J|5180S46888712|⚫ Sushi en Casa
7|oODRxppweP|7148T61900216|⚫ Tamales Peruanos, Tradicionales y Especiales
7|z7rkJ6qNOj|2109T48206746|⚫ Tartas Negocio Rentable
7|LO0lMmKROG|2642T63996052|⚫ Tu Menú Semanal en Solo 15 Minutos
7|kOXkJlj57W|1548W42581932|⚫ Wine Expert
8|YOmjJk2B4d|3130E54826932|⚫ Electricista en Casa
8|k45EvAnj4l|5958E61167517|⚫ El Negocio de la Mecánica de Bicicletas
8|K4k9J2Do7Y|7820E69883962|⚫ El Negocio de la Reparación de Bombas Hidráulicas
8|E4zdaNQd7l|1932E38540909|⚫ Ensamble de Computadores
8|Z72EWdy5eN|4612E66101069|⚫ Experto en Reparación y Mantenimiento de Mac
8|gOpwJyvP7J|9581L46201393|⚫ Lavadoras Xpert
8|o4EDNB3dOz|0304M60692902|⚫ Mantenimiento de Aires Acondicionados (Hogar) como Negocio
8|LO0lM1xaOG|9823M49871963|⚫ Mantenimiento de Consolas PlayStation
8|k7QNn2dxOy|4268M78421081|⚫ Mantenimiento y Reparación de Lavasecadoras Inverter
8|o4EDNB0jOz|4154M65644581|⚫ Mantenimiento y Reparación de tu Guitarra Eléctrica
8|37dyJ5wXOL|9333M71462481|⚫ Mantenimientos Rentables de Aires Acondicionados
8|YOmj8Mad4d|5541M42783952|⚫ Mecánica de Bicicletas
8|Me1E9aaNeY|0806M41229108|⚫ Mecánica para Motos
8|V7y5DRko7J|9810R56098120|⚫ Reparación de Celulares Xpert
8|y4PKAEMDOx|3011R64335436|⚫ Reparación y Mantenimiento de Aire Acondicionado Automotriz
8|m7YkJ88D46|8027R58135641|⚫ Reparación y Mantenimiento de Herramientas Eléctricas
8|BeZnJK8Rew|4881R62535902|⚫ Reparación y Mantenimiento de Patinetas Eléctricas
8|M7qomdMN4x|0055R64594222|⚫ Reparación y Mantenimiento de Scooters Eléctricas
8|97BnGrvq7p|3315R72544707|⚫ Reparación y Mantenimiento de Fotocopiadoras Ricoh como Negocio
10|NOwrnLk17m|9591A59354292|⚫ Accesorios para Mascotas
10|K4k9NvGJ7Y|6414B70950767|⚫ Bandanas para tu Mascota
10|RONr6xydOP|1456B47029601|⚫ Belleza Capilar Felina y Canina
10|3ea5zvMpeg|6134C60800423|⚫ Casas para Gatos como Negocio
10|V7y5P6Ro7J|7752C67089677|⚫ Cómo Superar la Muerte de tu Mascota
10|64ldR1nb4j|1229C61330863|⚫ Comunicación Telepática con Animales
10|ROxnbmmVeD|1020C60071873|⚫ Confección de Ropa para Perros como Negocio
10|RONrxABEOP|5945C47582069|⚫ Costura Canina y Felina
10|R4jYBjYYOa|7134D56851750|⚫ Dieta Barf: Perros y Gatos + Vitales
10|K4k9vEQ07Y|5829D56570870|⚫ Dog Walker - Paseador de Perros
10|y4by0xnXOR|2679E44665737|⚫ EduCat
10|V7y5Zkgd7J|6577E62251315|⚫ Entrenamiento para Perros de Hogar
10|E4zdw29l7l|6975E42089805|⚫ Estética Canina
10|97BBM8Jq7p|9823M62445188|⚫ Mascotas Sanas
10|LO0lz0WwOG|3915P39108737|⚫ Pasteleria Canina y Felina
10|K4k9vMY57Y|7341P43208235|⚫ Peluquería para Gatos
10|M7qoxKky4x|9923P42352506|⚫ Peluqueria para Perros
10|64lKnjwPOj|5975P88892113|⚫ Perros Ancianos, Sanos y Felices
10|k7QNMrQkOy|5370P60187048|⚫ Primeros Auxilios en Caninos
10|3ea5zAYBeg|9313P58086820|⚫ Primeros Auxilios para Perros y Gatos
10|k45ENDEq4l|1724R57394193|⚫ Reiki Canino Master
10|M7Ga0LqN4w|0006R65083956|⚫ Remedios Caseros Para Atender en Casa a Perros y Gatos
10|b4KPXazKeX|6274R47127125|⚫ Ropa Para Perros
10|b4KPXaV8eX|7028R50051097|⚫ Ropa Tejida para Mascotas
10|Me1ZM1X87Y|9943S60062862|⚫ Sanación Emocional para tu Mascota
10|M7qoxK2R4x|7608S54660642|⚫ Sanación Energética para Mascotas
10|0Ovw1p3V4j|6070T55078339|⚫ Terapia Bioenergética para Animales
10|ROxp6KxKOD|1126T60698498|⚫ Terapia Holística para Animales
10|E4zkxKxlel|4798T82773924|⚫ Tu Gato Saludable
10|M7qo5xym4x|2217T49686366|⚫ Tu Perro + Ágil - Frisbee Training
10|64ldjRQD4j|9480T47539197|⚫ Tu Perro Detector de Aromas
10|x7Wk2BAg72|9868T48695844|⚫ Tu Perro Tranquilo
12|ROxnb5WxeD|1838A70039263|⚫ Alemán para Niños con Tante Cari
12|r48jPKqZ7R|1794A65025857|⚫ Alemán Super Fácil
12|V4VkZ8jve2|5418A60490579|⚫ Aprende Chino Básico para HSK 1
12|r48jPXqw7R|2687A67175997|⚫ Aprende Chino con el Método Youhao
12|0Ovw1jQd4j|8921A60823867|⚫ Aprende Chino Mandarín desde 0
12|Z72E3gm6eN|9863A52558744|⚫ Aprende Coreano Fácil
12|EOgWRa0PO6|4266A38780647|⚫ Aprende Francés desde Cero
12|x7Wk2MJR72|9371A43699707|⚫ Aprende Japonés desde cero
12|V4VkZMxVe2|2126C70296500|⚫ Certifícate en Francés con el MÉTODO PEÀPE
12|meLpQX6zen|6486D82698307|⚫ De Cero a tu Primer Empleo en Inglés
12|97BnlXWL7p|1078D88029941|⚫ De no Hablar Nada a Hablar Inglés con Evil Teacher
12|EOg6Z90p76|1388E57691851|⚫ English Training - Entrevistas de Trabajo
12|ROxpmj5KOD|6559E89228902|⚫ Español Divertido para Niños
12|gOpdPW3rOJ|5854E45488822|⚫ Español para Extranjeros – Spanish for Foreigners
12|94JdDNwg7g|3065F68017459|⚫ Francés para Niños
12|YOmj3QZQ4d|2186F67640405|⚫ Francés para Viajeros
12|M7qoxR2y4x|9519G43700694|⚫ Gramática de Inglés A1
12|E4zd2B8Q7l|7369H70911799|⚫ Habla el Coreano como un Nativo
12|2OMDaGpy76|3578H82500400|⚫ Habla Francés con Claudy desde Cero
12|R4jYBaZ2Oa|7701H70913638|⚫ Habla Inglés como un Nativo
12|a4RNEa114n|7017I64148918|⚫ Inglés Conversacional Para Principiantes
12|97BB9m1a7p|3180I54894811|⚫ Inglés Fácil
12|K4k9vB507Y|1066I53389174|⚫ Inglés para Abogados
12|M7qoxRo14x|8104I47904493|⚫ Inglés para Hacer Amigos
12|Z72E3LWJeN|2691C64952000|⚫ Inglés para ir de Compras como un Nativo
12|k45EN2kQ4l|4873I48461264|⚫ Inglés Para Negocios
12|x7Wk2QlE72|0325I49771115|⚫ Ingles para Niños
12|PeAGnYmDOW|1946I42584758|⚫ Ingles para Principiantes
12|r48jPogw7R|0295I47471271|⚫ Inglés para Trabajar / ENGLISH TO WORK
12|o4EDY1MROz|3572I47246254|⚫ Ingles Para Viajeros
12|94JdDYLa7g|3668I45053354|⚫ Inglés Práctico
12|a4RNE1nR4n|3324I60891496|⚫ Inglés Real Basado en Películas
12|97BB9xpJ7p|3052I64335718|⚫ Interpretación de Idiomas en el Campo Médico
12|R4jYBVWdOa|7972L75726727|⚫ Lo que Necesitas Saber para Prepararte para el Toefl
12|V4VkZ369e2|0971N53388259|⚫ Negocia en Inglés
12|BOnjaVJgOR|5673N51762365|⚫ Neuroaprendizaje de Inglés WITIX
12|K4k9vxbV7Y|7679N64348811|⚫ NeuroInglés
12|meLpQKpWen|6046P60495176|⚫ Piensa en Inglés
12|RO95zZkNOP|2363P77718023|⚫ Polonia, Oportunidad y Crecimiento para Latinos
12|BeZnX3D3ew|6003P70948489|⚫ Portugués desde Cero para Negocios
12|R4jYBg22Oa|4120P61562599|⚫ Portugués para Principiantes
12|3ea5zbQmeg|3075P64335849|⚫ Portugués para Viajeros
12|ROxnb53xeD|0910P76023500|⚫ Preparación en Examen First Step para Niños
12|a4RNE5za4n|0489P59022733|⚫ Pronunciación Master en Inglés
18|R4jkKn0wea|7466C59863618|⚫ Confecciona Vestidos Sin Molde
18|2OMDlbrY76|3602C47246502|⚫ Costura Creativa
18|ROxpglKxOD|4991C54435539|⚫ Costura de Cero a Experto
18|64lKkljDOj|8102C75288486|⚫ Costura de Ropa Intima de Cero a Experto
18|gOpdPlAdOJ|3186C43304370|⚫ Costura Industrial
18|37dGp2J6eL|6375C87089864|⚫ Costurería Express
18|M7GaV8G84w|0825D60012285|⚫ Decoración de Prendas de Vestir
18|ROxpglzaOD|2954D52316229|⚫ Diseño de Modas para Adolescentes
18|z7rz6YzN7j|6986E56515978|⚫ El Negocio de las Blusas
18|a4RJ6WXr4n|6871E64113370|⚫ Emprende en el Mundo de la Asesoría de Imagen
18|EOg6Qn6E76|1537F54538876|⚫ Fabricación de Implementos Deportivos
18|Me1ZY6n37Y|1992M59313765|⚫ Modistería en Casa
18|94JB3Elj4g|3737P60237804|⚫ Pijamas para Niños como Negocio
18|meLREJggOn|0781S52772584|⚫ Sastre Man
19|37dy3vGBOL|3162N87759916|⚫ Nomofobia - La Adicción Digital que Afectará tus Hijos
17|ROxnr0wKeD|5133260185360|⚫ 20 Pasos para Crear una Obra Musical desde Cero
17|NOwr5J6K7m|2351273120940|⚫ 24 Pasos para Acampar como un Experto
17|a4RJ6yg34n|6218A52260846|⚫ Actuación para Todos con Alina Lozano
17|o4EDqD1wOz|4611A41605085|⚫ Adobe Illustrator
17|ROxpPrpBOD|8633A81659289|⚫ Adobe Illustrator para Diseñadores de Cero a Pro
17|0Ov0QDJ5ej|1567A60643371|⚫ Adobe Lightroom de Cero a Pro
17|0Ovwyarx4j|2625A59960715|⚫ Adobe XD de Cero a Experto
17|E4zdbJLd7l|6534A45494669|⚫ Aerografía desde Cero
17|kOXk3Amo7W|4967A67530431|⚫ Aerografía - Maquillaje Artístico
17|m7YkQYDJ46|3335A68019603|⚫ Ajedre-Kids (Ajedrez para Niños)
17|94JdRrgY7g|9948A70024651|⚫ Aprende a Bailar Ritmos Latinos
17|a4RNpRRD4n|9344A25188148|⚫ Aprende a Cantar
17|M7Ga0jqB4w|0742A60011543|⚫ Aprenda a Cantar desde Cero
17|M7GQApxV4w|0712A76096052|⚫ Aprende a Dibujar desde Cero
17|M7qonjNN4x|5302A45022150|⚫ Aprende Acordeón Básico
17|a4RNpAmz4n|4996A62294710|⚫ Aprende Dibujo Realista de Cero a Experto
17|r48jz6gZ7R|7538A67087783|⚫ Aprende Diseño Gráfico Publicitario desde Cero
17|1463EBM3ed|2841A60292034|⚫ Aprende Flauta Transversa
17|meLpYqmZen|0724A58345339|⚫ Aprende Guitarra con Música Cristiana
17|y4PVkdwL7x|1448A39216148|⚫ Aprende Jardinería
17|BeZnVobpew|2749A58361866|⚫ Aprende Lenguaje Musical Intermedio
17|LO0lP1MYOG|3913A43957052|⚫ Aprende Lenguaje Musical para Principiantes
17|y4byb8djOR|5737A25547853|⚫ Aprende Magia
17|z7rk9aJEOj|5883A44743139|⚫ Aprende Piano
17|a4RJL30x4n|4133A60536278|⚫ Aprende Progressive House y Monetiza tus Canciones
17|m7YkQqQz46|5243A60851165|⚫ Aprende Saxofón desde Cero
17|0Ovwd6g54j|0539A56748680|⚫ Aprende Violín Fácil
17|37dyww5BOL|8836A56463498|⚫ Armoniza tus Canciones
17|V7y5oA9q7J|3391A60033290|⚫ Arte Abstracto en Acrílico
17|z7rz6DXE7j|6361A62249525|⚫ Artistas sin Miedo al Lente
17|1463zznAed|0021A58701020|⚫ Atractiva y Sexy con Twerking
17|RO9jbrYv4P|1911A59313071|⚫ Audio para Músicos Principiantes
17|o4EDqVDVOz|9833A69794268|⚫ Autocad Avanzado y Modelado en 3D para Arquitectura y Diseño
17|14opxX25ep|8895A57793377|⚫ Autocad desde Cero
17|y4PVrYlL7x|4377C76417032|⚫ Autoretrato en Carboncillo
17|y4by90wAOR|0818B52480681|⚫ Bachata desde Cero
17|3ea5LxRBeg|9381B58087319|⚫ Baila Hip Hop
17|RONrMMqJOP|5522B44147999|⚫ Baila Salsa Caleña
17|3ea5Lazmeg|9760B44648588|⚫ Baterista Rockstar
17|o4EDqlwgOz|3144B54553301|⚫ Bayas Mágicas Endulza sin Azúcar
17|2OMrKJno46|1720B65025060|⚫ Bootstrap Master para Diseño Frontend
17|y4blVm3k7R|8953B57499667|⚫ Bullet Journal Creativo con Lettering
17|3ea56WGkeg|8576B70322594|⚫ Bullet Journal Personalizado con Porcelana Fría
17|3eaMazkneg|9060C89683403|⚫ Caligrafía en Armonía
17|V4VkR0JEe2|8187C56145409|⚫ Canta como los Grandes
17|z7rk98NNOj|2313C47797354|⚫ Canta como un Rockstar
17|ROxnKnjbeD|9866C36776590|⚫ Canva para Facebook Ads
17|V4VlN1lv72|3066C61619250|⚫ Casas con Arquitectura Bioclimatica
17|o4EDqlJgOz|3121C53340269|⚫ Celulares + Fáciles para (Adultos Mayores)
17|y4bybrXyOR|3972C51356256|⚫ Clown Show
17|14opxPl9ep|7048C62557136|⚫ Color Art Piel Perfecta
17|oODRBoNgeP|4567C62965272|⚫ Como Leer y Seguir Partituras
17|ROxnKkxxeD|2704C62276989|⚫ Computo Básico para Principiantes e Intermedio
17|a4RJ62K34n|6543C74110529|⚫ Convierte tus Experiencias Románticas en un Libro
17|M7GQDDdL4w|4751C47187814|⚫ Coreografía Sexy Floorwork
17|oODRxlYweP|3114C54894129|⚫ Corrección de Color con Photoshop
17|k45ogpjq7l|6553C46738480|⚫ Corredores Flash
17|EOgWdWDZO6|9963C63757212|⚫ Crea Diseños 3D para Manualidades Papercraft
17|14636dpyed|8600C47833848|⚫ Crea tu Podcast en 1 Día
17|BOnjzLypOR|9646C43701663|⚫ Crea tu primer Video Juego
17|oODRKpRveP|3063C59568396|⚫ Creación Coreográfica
17|2OMDEvvr76|3464C43306323|⚫ Cubo Rubik para Niños
17|RONaj1xd7P|8325C42668457|⚫ Cubo Rubik para Potenciar tu Mente
17|k7QNJ5QqOy|0282C42626715|⚫ Cumbia Mexicana
17|k45ogrXJ7l|8661C77605610|⚫ Curso Básico de Bonsái
17|x7WkRGrG72|0143D60387953|⚫ Dactilografía Computarizada para Estudiantes
17|M7qoQ3AW4x|9180D60057709|⚫ Danza Árabe Terapéutica
17|BOn96KYb7R|1683D72355378|⚫ De Novato a Experto en Zoom
17|LO0lQVzaOG|7400D61182014|⚫ De Principiante a Experto en Ajedrez
17|3ea56oVDeg|9207D78578334|⚫ Desarrollo Web para Vendedores
17|0Ovwdxvm4j|5556D53134130|⚫ Dibujo Hiperrealista
17|BeZnVBARew|5830D41354296|⚫ Dibujo Realista
17|V7y5oLlk7J|9309D69845919|⚫ Dibujo Realista con Grafito
17|BeZnVrmlew|3403D63726700|⚫ Dibujo Realista con Lápices de Colores de Principiante a Experto
17|Z72EbzD2eN|6692D57233216|⚫ Diseñador Web Freelance con Photoshop
17|0Ovwyw384j|4495D56296464|⚫ Diseño Automotriz - Dibujo e Ilustración
17|0Ov09PK6ej|9499D48263577|⚫ Diseño de Interiores
17|BOn9BEmJ7R|0681D49775997|⚫ Diseño e Ilustración Automotriz
17|r48jzjrD7R|0102D66264217|⚫ Diseño Gráfico para Redes Sociales
17|BOnjQoogOR|6240D78266046|⚫ Diseño para no Diseñadores
17|E4zdn5E97l|4555D55567178|⚫ Diseño Web con Elementor
17|M7GQLK8L4w|2578D48635748|⚫ Diseño Web con Google Site
17|97BnGE5P7p|1178D42523180|⚫ Dj Urbano
17|K4k9mldz7Y|1164D60014479|⚫ Domina tu Cámara Digital
17|r48jLRlE7R|1628E60941107|⚫ Easy Dance
17|97BB583R7p|2456E43888358|⚫ Ecualización y Compresión Musical
17|PeAzBQQX7W|1183E74534925|⚫ Edición con Adobe Premiere Pro
17|V4VkRYwne2|4782E45923044|⚫ El Casting Perfecto
17|R4jYJJ6yOa|8033E39766321|⚫ El Negocio de la Musica
17|BeZn8Ndrew|3471E59571554|⚫ Empodérate en Tacones
17|V73o81Dr73|8108E74390677|⚫ Escritura de Novelas para Principiantes
17|oODRGj5geP|0105F50418504|⚫ Fandubs Doblaje de Anime
17|NOwr5WXa7m|8426F50607100|⚫ Foto Selfie
17|x7WkDYGE72|7448F70113403|⚫ Fotografía Astronómica
17|y4bygoVAOR|3664F77656742|⚫ Fotógrafo, de Novato a Profesional
17|k7QWJPoq4y|0178F90256526|⚫ Fotografía e iluminación para principiantes
17|M7q6ZglROx|1094G60337854|⚫ Gamificación Enseña Jugando
17|0Ovwyalx4j|9126G65074316|⚫ Geometría para la U
17|m7YkVPoK46|8508G64652196|⚫ Guía Práctica para Estudiar Arquitectura
17|64ldgMoD4j|5261G55290185|⚫ Guitarra Acústica desde Cero
17|BOnjzY2kOR|6992G62254184|⚫ Guitarra Eléctrica desde 0 con solo 10 Ejercicios
17|r48jLo6J7R|8783G47454149|⚫ Guitarra En 30 Días
17|BOnjz8JkOR|1599G38821648|⚫ Guitarra Express
17|M7q6ZgbwOx|5159H60311991|⚫ Haciendo Teatro Independiente
17|RONr0agpOP|0381I56747077|⚫ Illustrator para Emprendedores
17|z7rk9XDEOj|7954I54733952|⚫ Ilusionismo Show
17|RONrGAldOP|2857I60406397|⚫ Indoor Cycling
17|V73lNdb3O3|1302I60339259|⚫ Informática para Adultos
17|V4VkRpK2e2|2489I55619038|⚫ Iniciación Musical para Niños
17|b4KPwX9weX|1012I65094822|⚫ Introducción al Matte Painting
17|y4PKoqMDOx|6900J44159745|⚫ Jóvenes sin Miedo a la Cámara
17|Me1EVGAjeY|9103J47838589|⚫ Juegos de Ingenio
17|Z72ExZwQeN|9924L63816695|⚫ Las 4 Etapas para Cantar sin Dañar tus Cuerdas Vocales
17|Me1E1QZXeY|7411L70165387|⚫ Lectura Veloz e Inteligente
17|2OMrdyQy46|9602M47009315|⚫ Maestro del Ukelele
17|RONrGPnYOP|1647M44870174|⚫ Magia con Cartas
17|V7y5oQbq7J|7418M46836144|⚫ Magia Kids
17|Me1EyVNpeY|9763M51491638|⚫ Mago para Niños Show
17|y4bybrkPOR|8683M79426311|⚫ Maximiza tus Ingresos en la Producción de Rap y Trap
17|0Ov0k5jWej|9733M63407183|⚫ Método de Estudio Eficaz para Adultos
17|a4RJL32R4n|4108M60241268|⚫ Método Mangaka
17|PeAG6qmoOW|6330M75319430|⚫ Mis Primeros Pasos de Ballet
17|x7WkRLmQ72|1875M54096728|⚫ Modelado 3D Fácil con Sketchup
17|y4bybjQAOR|1387M48622212|⚫ Monólogos Cómicos Show
17|r48jBPz07R|8257P85296608|⚫ Pajareando
17|K4k9mng17Y|9539P43440390|⚫ Personajes 3D con ZBRUSH
17|r48jzjp07R|2960P35399083|⚫ Photoshop para Principiantes
17|b4KPwMR0eX|7597P39458522|⚫ Piano en 7 Días
17|3ea5Lvkmeg|4363P45257578|⚫ Piano en 18 Lecciones
17|14op0ym9ep|3229P50892505|⚫ Piano para Niños
17|x7WkDM1R72|3111P66083669|⚫ Piano para Niños Pro
17|Z72ExAALeN|1215P44911782|⚫ Pintura Artística sobre Objetos
17|0Ov0900Vej|8250P84458089|⚫ Pintura Facil para Niños Hiperactivos
17|x7WkDYzg72|4598P61999932|⚫ Plastilina para Niños
17|EOgWX8agO6|3156P43616010|⚫ Play League of Legends como un Crack
17|97BBDgyx7p|4792P59980141|⚫ Podcast Poderoso + Entrenamiento Vocal
17|z7rk9D92Oj|9732P41741779|⚫ Principios de Computación
17|97BBDAnP7p|5238P56566011|⚫ Producción Audiovisual Máster - Software VMIX
17|M7q6DaEjOx|8469P31351589|⚫ Producción de Cine
17|2OMrdmL946|0108P47391086|⚫ Producción Digital Rap, Trap y Hip Hop
17|gOpwaMjP7J|4490R73220238|⚫ Retrato Pro (Técnica Mixta Óleo y Acrílico)
17|RO9jbpwg4P|0763R60011715|⚫ Rumba Aeróbica
17|YOmjKX1l4d|4270S54497799|⚫ Salsa Fusión
17|z7rk9KJ2Oj|7550S50595746|⚫ Salsa para Seducir
17|gOpdRbPPOJ|4191S45994524|⚫ Salsa Social para Principiantes
17|14oXXZdJep|6672S87706661|⚫ Saxofón Para Principiantes...
17|14opD0LBep|9084S56803820|⚫ Secretos de la Caricatura
17|1463EYGAed|6632S47509835|⚫ Stand Up Comedy Master
17|97BnRRml7p|7986S42096231|⚫ Super Lector
17|oODRxlAWeP|0189S52074341|⚫ Super Portadas con Photoshop
17|o4EDqXGYOz|8672T62725627|⚫ TAI CHI para Principiantes
17|R4jY62DWOa|7799T70167901|⚫ Teclas: Entrenamiento para Pianistas
17|0Ov09xY8ej|0906T38092412|⚫ Tecnica Vocal
17|NOw0qdlK4m|9685T72391303|⚫ Técnicas de Acuarela para Niños y Principiantes
17|V7yJpM3DOJ|9391T69550571|⚫ Tecnicas de Ajedrez para Jugar como un Profesional
17|Z72ExG0YeN|8050T64720688|⚫ Toca Guitarra con una Mano
17|gOpwaAwd7J|2265T36698562|⚫ Toca Piano Fácil
17|ROxnrjXpeD|0925T35533339|⚫ Tocando el Violín
17|Z72z2wmy7N|3187T43412194|⚫ Todo Sobre el Streaming
17|k7QNJwanOy|0652T35714850|⚫ Trompeta para Todos
17|97BBDKra7p|5445T47194163|⚫ Tu Casa Inteligente
17|ROxnKnjyeD|3100T46448010|⚫ Tu Propia Pagina Web con Wix
17|o4ERLBvYez|8179T47525347|⚫ Tu Talento - Tu Emprendimiento
17|V4VkjD1Ve2|1918T50973808|⚫ Twerking
17|z7rk9omVOj|0796V50318001|⚫ Ventriloquía Show
17|3eaMP15Deg|7979Y72180744|⚫ YouTube para Principiantes
17|a4RJB15z4n|2846P22388372|⚫ Photoshop para principiantes
